Label,Component_1,Component_2,Component_3,Component_4,Component_5,Component_6,Component_7,Component_8,Component_9,Component_10,Component_11,Component_12,Component_13,Component_14,Component_15,Component_16,Component_17,Component_18
AD,0.143180444,0.148720146,0.056311952,0.067086236,-0.147552732,0.004851359,0.125487177,0.069599455,0.024092334,0.025195862,0.073669476,0.042009704,0.014340527,-0.104165105,0.039179938,-0.012675564,0.004747082,0.109300639
AD,0.096479797,0.17315066,0.079538782,0.103450981,-0.16262742,0.022955527,0.052616414,0.07333958,0.036343944,0.077217831,0.106247331,0.08376523,0.02516639,-0.077268602,0.031737303,0.03363837,0.00656731,0.094455151
AD,0.098789066,0.175274858,0.050205248,0.061236404,-0.157794891,0.03071301,0.084859955,0.066806894,0.020361663,0.060732827,0.088382997,0.045389714,0.017424747,-0.126147683,0.0538769,0.017568951,-0.004081772,0.084043639
AD,0.129248485,0.115142353,0.006486471,0.05781987,-0.215654671,0.041839886,0.003942907,0.047424772,0.078423406,0.094364051,0.074618492,-0.041806335,0.035816317,-0.129639369,0.059832696,0.010840684,-0.015425184,0.067509144
AD,0.133912022,0.190857764,0.014566483,0.078375899,-0.106844334,0.018590934,0.044306852,-0.032107526,0.0603075,0.064962961,0.106455296,0.084457382,-0.080151534,-0.125779819,0.061878555,-0.006871073,-0.015327282,0.151236142
AD,0.137438077,0.194037064,-0.001071621,0.050820129,-0.138490306,0.033402182,0.035271134,0.045573555,0.024187381,0.025672854,0.083114332,-0.017302655,-0.024538222,-0.154505488,0.070659504,0.003447577,-0.015850098,0.123022457
AD,0.093558359,0.24794967,0.051297326,0.069114066,-0.098636625,0.017160714,0.106881125,0.093976448,0.023099258,0.045042928,0.089086417,0.072320039,-0.004069164,-0.158870032,0.019368355,0.018386132,-0.020745706,0.088521494
AD,0.138713269,0.170086744,0.029387461,0.059709564,-0.133404011,0.056107581,0.08321976,-0.016568633,0.013846663,0.073937868,0.117350845,-0.006255447,-0.045236482,-0.116913946,0.036776762,0.029635137,-0.026180605,0.08748516
AD,0.200935908,0.164277693,0.008807728,0.036329431,-0.138631713,0.000675631,0.076978646,0.023689804,0.051612685,0.086184734,0.107200991,0.067805102,-0.0159232,-0.095315549,0.018095518,-0.024118844,-0.02104776,0.103017717
AD,0.105409073,0.10004338,0.068916437,0.05950414,-0.17689816,0.054896535,0.091775177,0.088761271,0.026179864,0.092427944,0.137245544,0.066338985,-0.058077012,-0.081191516,0.02640623,0.032750989,0.032640408,0.016133161
AD,0.123482385,0.179990257,0.012507508,0.073625171,-0.119752328,0.046979232,0.05799738,0.003472792,0.040453368,0.02936611,0.076921397,0.008434904,-0.031781658,-0.159028343,0.053086378,0.019869694,0.001188525,0.114812292
AD,0.125557024,0.194874038,0.013773414,0.063655167,-0.131891767,0.010187804,0.078043864,0.026625474,0.030752829,0.042064026,0.112674535,0.017829114,-0.031190192,-0.155468603,0.021766022,0.008871083,-0.015487771,0.079353612
AD,0.179385486,0.122714539,-0.095904531,0.025196009,-0.154615075,-0.068838436,0.053131391,0.005186758,0.082166926,0.081346174,0.087536853,-0.026490042,-0.026614854,-0.192834242,0.040858921,-0.00791838,-0.055735275,0.028414443
AD,0.129375583,0.163053674,0.011129128,0.059302898,-0.139066172,0.020369888,0.053835545,0.028271242,0.028645272,0.034909404,0.066759918,0.016325943,-0.034525645,-0.149866152,0.067673885,0.004310921,-0.00337676,0.114482691
AD,0.172698492,0.147893673,0.00774394,0.058143109,-0.18260061,0.03504123,0.047336797,0.062188554,0.035764014,0.065443343,0.121034574,0.047126481,-0.027075112,-0.074924089,0.067767593,0.002007148,-0.011482809,0.084682871
AD,0.158323075,0.180483616,-0.013668342,0.056763252,-0.133010902,0.022103852,0.035399008,0.004356219,0.050635221,0.073911612,0.116594073,0.059132454,-0.039142653,-0.167885573,0.037990336,0.035787292,-0.040483554,0.063407586
AD,0.15207774,0.178575606,-0.056803328,0.020878198,-0.093561878,-0.017914007,0.089554222,-0.019445505,0.03103817,0.052373462,0.115360499,-0.003607781,-0.075027106,-0.216826599,0.028947475,0.0016445,-0.03259994,0.04667695
AD,0.094787601,0.222734233,0.055674956,0.068493546,-0.093968286,0.076570672,0.066968328,0.046076553,0.021671416,0.031086717,0.061336938,0.043909651,-0.042351313,-0.147968769,0.063611567,0.0187012,0.013755422,0.162120231
AD,0.180565051,0.175893998,-0.036384281,0.061073728,-0.119316331,-0.000738349,0.070026246,-0.055399859,0.044117184,0.068366841,0.136633165,-0.041849809,-0.06203063,-0.155532703,0.022086609,-0.01401092,-0.047729751,0.095823239
AD,0.135829074,0.221483603,-0.008279027,0.021733167,-0.099467483,0.045748516,0.08694158,0.004141189,0.025054259,0.03441399,0.1299609,0.029752922,-0.043746907,-0.126097001,0.046109246,0.004098623,-0.000276998,0.151517334
AD,0.119745844,0.165870374,0.034600752,0.07663897,-0.106920552,0.048324083,0.06900441,0.01334843,0.027995434,0.024674899,0.040016982,-0.013643411,-0.052390103,-0.163157427,0.069544531,0.017321386,-0.0086305,0.098240207
AD,0.124388491,0.216420128,0.027169016,0.037867997,-0.132168942,0.034209914,0.058482657,0.013533844,0.028781916,-0.006504286,0.041444431,-0.001004371,-0.017480315,-0.13749604,0.070795684,0.013716372,0.012358598,0.168358852
AD,0.112033249,0.212541661,0.058786906,0.033090698,-0.125408793,0.066593101,0.076635601,0.063957597,0.003264979,0.035517685,0.030702941,0.00555788,-0.001576862,-0.102930403,0.076958582,0.044547728,-0.004030958,0.164385341
AD,0.139127579,0.179577195,0.013559367,0.046116672,-0.118991329,0.029199449,0.11641326,0.001289129,0.021060747,0.003913823,0.105148978,0.023247155,-0.014276218,-0.12635026,0.058329793,-0.002804297,-0.023834039,0.126461375
AD,0.107018994,0.216907308,0.070828871,0.10100389,-0.110530569,0.051992935,0.05496058,0.04925319,0.024035641,0.029366917,0.05665716,0.010648017,-0.017951918,-0.123696226,0.064114128,0.015421256,0.00395683,0.170876014
AD,0.165886919,0.170670267,-0.006637412,0.081534068,-0.120941725,0.029826113,0.071018095,0.010375428,0.029081759,0.054111193,0.094672234,-0.015370061,-0.038130137,-0.157415166,0.034059917,0.013725176,-0.030744975,0.06925603
AD,0.136523759,0.178306521,0.01910353,0.07751577,-0.125708254,0.024179724,0.054585944,0.076463503,0.036702709,0.039249732,0.076158638,0.056328736,0.010713533,-0.155119317,0.052046396,-0.02835501,0.001977306,0.105295064
AD,0.10438703,0.222379148,0.089667153,0.083406262,-0.115914939,0.042101569,0.047374136,0.076756782,0.021392234,0.059843136,0.067553766,0.05642913,-0.029053909,-0.066703502,0.075901118,0.015721784,0.025374891,0.15749096
AD,0.165234643,0.199735599,0.024695589,0.044975251,-0.107930495,0.046821779,0.079563014,0.043923191,0.030042528,-0.002805929,0.069779461,0.011649191,-0.015430172,-0.141402031,0.051915061,-0.012308845,-0.006245636,0.104752318
AD,0.129341744,0.209823333,0.054665818,0.043627389,-0.147358894,0.041404381,0.048548421,0.0307,0.036981087,0.059281252,0.091572166,0.078834673,-0.028084162,-0.079389221,0.051000012,0.003360186,0.025085243,0.162537108
AD,0.120216295,0.197961286,0.051809919,0.088900335,-0.122913336,0.039107319,0.070174725,0.078957537,0.027784757,0.041393574,0.076035184,0.022184076,0.001725255,-0.133198223,0.04161297,0.032592906,-0.015875549,0.105076404
AD,0.118534661,0.230193682,0.06364879,0.067872383,-0.105260291,0.05263145,0.108009461,0.097018248,0.014167027,0.048545998,0.073475471,0.06712333,-0.00924153,-0.123492123,0.048575556,-0.017284024,0.012082835,0.114733614
AD,0.119939591,0.196652406,0.022097979,0.068532381,-0.127943212,0.012716641,0.097531371,0.018410919,0.016348594,0.084773645,0.141993349,0.033203034,-0.064998154,-0.090597031,0.035825815,0.00919577,-0.014674982,0.121801173
AD,0.127815131,0.209941965,0.051224818,0.061940863,-0.122216919,0.038094825,0.071458255,0.072599807,0.038146114,0.010841358,0.065842344,0.037370422,0.003616858,-0.131203295,0.045796008,0.026778622,-0.001682282,0.115070947
AD,0.150186455,0.133337536,-0.036767002,0.065430834,-0.13351437,-0.021390288,0.104832735,-0.059240632,0.017456744,0.039412928,0.120606701,-0.037006823,-0.076725933,-0.180568562,0.063681403,0.007909637,-0.038926841,0.086441699
AD,0.140772311,0.160279742,0.012469148,0.053236384,-0.122751041,0.051491685,0.063771191,-0.001410366,0.0458586,0.077011049,0.120554505,0.040430256,-0.023166843,-0.04987155,0.021791121,0.000681034,0.017956876,0.147977491
AD,0.131279003,0.167572592,0.012683005,0.021558973,-0.154542108,0.030316768,0.072356733,0.039189155,0.032211128,0.018987194,0.039471757,-0.02283102,0.005706422,-0.171343345,0.061566884,0.002433092,-0.002739986,0.09950183
AD,0.248959162,0.068269963,-0.059182387,0.045628281,-0.146372121,0.018946658,0.062230606,0.017441196,0.050910765,0.111480031,0.133885317,0.029795649,-0.062736608,-0.094739698,0.021088914,0.018938652,-0.039028872,0.05616275
AD,0.133821781,0.200671989,0.04304516,0.035571048,-0.14500245,0.037235202,0.052270003,0.028600773,0.046139282,0.031192209,0.115679681,0.038847758,0.000171507,-0.079795341,0.041271624,0.018021522,0.027260253,0.135312882
AD,0.152607818,0.172653578,-0.015103877,0.073496286,-0.100046953,-0.011669159,0.089622953,0.026575065,0.025904908,0.046654319,0.107027354,-0.031555585,-0.06811125,-0.160212699,0.0466499,-0.002406501,-0.016292659,0.068941616
AD,0.18859927,0.077817875,-0.004240916,0.067158654,-0.117464668,0.031215353,0.073081174,0.047601278,0.014130342,0.191555671,0.11523776,0.061165133,-0.011691504,-0.028082426,-0.051862849,0.068967972,0.020716456,0.08834
AD,0.169862831,0.143199048,0.016105445,0.03247831,-0.11529767,0.054048279,0.12476019,0.081202766,0.021168025,0.03677571,0.071350269,0.028076169,0.008859424,-0.118009342,0.026590473,0.024233311,-0.011986823,0.05369838
AD,0.101882317,0.218221094,0.05279327,0.051866142,-0.106828877,0.090253531,0.06592793,0.050382013,0.020762839,0.034173875,0.067786119,0.032020061,-0.047530298,-0.130611754,0.068396293,0.018203935,0.015206243,0.142726712
AD,0.12013547,0.195847426,0.036905959,0.081452315,-0.111225013,0.010116257,0.060747107,0.020753149,0.020394128,0.023798866,0.067186254,-0.015787906,-0.027242719,-0.160979324,0.026382091,0.033557599,0.01839975,0.130834204
AD,0.230122398,0.106258411,-0.015454313,0.05536608,-0.135193242,0.063923752,0.054783098,0.024034632,0.04488756,0.109305138,0.084271502,0.022799818,-0.054926944,-0.048667203,0.021667527,0.042271284,-0.060175735,0.060896573
AD,0.143770038,0.198242493,0.024011858,0.038768866,-0.172234982,0.06677268,0.050913632,0.052441448,0.027366486,0.088422545,0.130854144,0.033526547,0.003873988,-0.047851941,0.055727701,0.033857955,-0.037548654,0.125949327
AD,0.102470843,0.205539509,0.029978805,0.05760965,-0.113706247,0.031433968,0.077443336,0.065853957,0.020970725,0.004208928,0.047639828,0.023033929,-0.003840854,-0.138369136,0.052775593,0.040094961,0.032380682,0.160489134
AD,0.123286518,0.224839498,0.019871218,0.04767931,-0.080788812,0.019963127,0.086143212,0.02243065,0.024533275,0.024215557,0.084383145,0.00180756,-0.045696003,-0.151822896,0.030475805,0.021479576,-0.003183828,0.133295057
AD,0.115909522,0.220780064,0.056153508,0.068919469,-0.099905112,0.063382745,0.067770718,0.057422781,0.025158742,0.006048825,0.03570129,0.034371071,0.015721684,-0.147654359,0.050942114,0.008075156,0.013057914,0.151057544
AD,0.110709596,0.206564793,-0.048481762,0.108926928,-0.063975232,0.047223568,0.088905604,0.085395927,0.115141516,0.132747537,0.140485196,0.035346966,-0.002935341,-0.111791894,0.086119727,0.048699499,0.0284615,-0.038391225
AD,0.194045571,0.094257696,-0.11302042,0.084620625,-0.132592001,0.026183337,0.100762482,0.030442513,0.074781638,0.057579895,0.164896818,-0.020908387,0.029093249,-0.126385811,0.106454812,0.024635138,0.030243821,-0.078183593
AD,0.133237981,0.121536695,-0.060733677,0.081787341,-0.137241444,0.020243187,0.116000862,0.046061898,0.072739598,0.14161259,0.133530103,0.009389627,0.052831357,-0.131238334,0.093493539,0.04325405,0.02600527,-0.125443321
AD,0.144231879,0.138571234,-0.046701481,0.081980473,-0.108154724,0.03734231,0.107189054,0.002307602,0.04997196,0.083533738,0.102677912,-0.01661432,0.008298177,-0.125034198,0.132929067,0.030664737,0.041979035,0.026497753
AD,0.175839196,0.076655056,-0.087943287,0.073883305,-0.139808647,0.035505639,0.12689099,0.076207171,0.106645742,0.161351972,0.157668977,0.090333202,0.012098494,-0.126403219,0.108404674,0.039717415,0.00189401,-0.12436159
AD,0.246156925,0.092798056,-0.090728234,0.095592064,-0.115431632,0.121434396,0.062272621,0.027938831,0.057233986,0.163600886,0.151764221,-0.005299192,-0.015294914,-0.045779391,0.05524364,0.062745312,0.013206565,-0.048841051
AD,0.291727555,-0.09494599,-0.044044765,-0.045908221,-0.139512809,0.018078375,0.195732835,0.21472182,0.18579356,0.265779875,0.02913525,0.059783671,0.006812755,-0.007863758,0.161854178,0.229492822,-0.064727981,-0.2838156
AD,0.235952701,0.020875259,-0.041207999,0.060473277,-0.009271335,0.024222782,0.119272668,-0.015546973,0.088929557,0.138438877,0.208500365,-0.019140255,0.007871243,-0.278178349,0.108887489,0.035247526,-0.044795717,-0.124916554
AD,0.198837741,-0.015069626,-0.066993386,0.089134888,-0.039553541,0.1370551,0.151616092,0.03347038,0.168203705,0.25599852,0.200727117,-0.093864899,0.088354584,-0.062833968,0.052167026,0.022078503,0.023326065,-0.046880504
AD,0.207902885,0.081416381,-0.106020277,0.021802988,-0.153708684,0.00175213,0.031811,0.027062671,0.0772571,0.189094108,0.169917892,-0.028614575,0.02430212,-0.156931224,0.125558566,0.010978755,0.004338006,-0.078715183
AD,0.135032379,0.142897832,-0.070612379,0.078776111,-0.100643955,0.052215983,0.091477562,0.060943488,0.070014632,0.069322513,0.163551311,0.032552386,0.016020376,-0.14006274,0.099147352,0.081035966,-0.018746873,-0.090060056
AD,0.104757217,0.190739113,-0.01810745,0.114071175,-0.029926643,0.049591469,0.09137585,0.031392636,0.106442412,0.086074177,0.069103528,0.015328792,-0.003630601,-0.140921092,0.105808012,0.038377943,0.027535635,-0.014492886
AD,0.222104342,0.061834196,-0.063818704,0.031547218,-0.122095351,0.059955744,0.134574401,0.130944311,0.086573103,0.128173223,0.133631164,0.027121665,0.030249061,-0.041247813,0.066216294,0.028558832,0.034780269,-0.061650438
AD,0.150890653,0.127778764,-0.058416689,0.117230538,-0.064648475,-0.018802306,0.095294544,-0.026205685,0.069611304,0.046026946,0.091786791,-0.00624418,-0.015618382,-0.149996668,0.110454719,0.010059808,0.058620784,0.053823427
AD,0.181863026,0.049419824,-0.075387309,0.035514293,-0.122515963,0.029773829,0.116388823,0.040998728,0.03259035,0.1116954,0.132131152,-0.001239399,-0.014768024,-0.223810273,0.134007421,0.04595316,-0.013637689,-0.081907281
AD,0.17418811,0.171628381,-0.059236588,-0.005557797,-0.137366041,0.035025693,0.072896881,0.104129995,0.117361944,0.165066471,0.148620139,-0.034418396,0.030427421,-0.074926464,0.066408359,0.037870674,0.013093874,-0.060249396
MCI,0.09877308,0.21129194,0.049501143,0.080758583,-0.139074043,0.028523661,0.079828424,0.094657405,0.013023693,0.019215793,0.069780339,0.022810173,-0.001726498,-0.134172599,0.066769004,0.025114401,0.003307224,0.153476722
MCI,0.196844923,0.130350816,-0.015621506,0.027549051,-0.194697924,0.048128885,0.052002323,0.048198138,0.037109231,0.096423316,0.13671861,0.079733144,0.002641157,-0.072433626,0.025518014,0.018145483,-0.016839578,0.07627387
MCI,0.104847903,0.218937101,0.038144095,0.049527375,-0.124870067,0.054765806,0.096283492,0.065665183,0.011297393,0.050545472,0.076337329,0.038780382,-0.013684934,-0.144052842,0.056240879,0.004142072,-0.005568489,0.112191179
MCI,0.075346956,0.218672117,0.062786833,0.040482981,-0.107527468,0.066254543,0.110214964,0.062594385,0.01086881,0.01349707,0.038489867,0.025974533,0.017860505,-0.133847338,0.033742239,0.042148573,0.027625113,0.169338671
MCI,0.065576855,0.214111528,0.070962232,0.082126866,-0.152790373,0.070859865,0.038404908,0.079691574,0.032986354,0.071655104,0.050429002,0.070568493,0.031805061,-0.101099007,0.069497963,0.03432973,0.009284683,0.146148548
MCI,0.103514102,0.190586669,0.051907959,0.046211036,-0.164455793,0.033980043,0.09475718,0.075442333,-0.00029398,0.070235416,0.094912171,-0.012523449,0.014859776,-0.120416055,0.059240654,0.041423287,-0.038241528,0.064123215
MCI,0.048821268,0.244676615,0.093111451,0.040004882,-0.085918718,0.093584874,0.099036405,0.076849597,0.011972105,0.038856563,0.052257324,0.064266785,-0.013028367,-0.10911427,0.039105927,0.050376948,0.041475749,0.178521526
MCI,0.119643105,0.214501777,0.024848793,0.018672888,-0.117322829,0.004709647,0.085314845,-0.027457698,0.028792041,0.018465758,0.063953449,0.009064978,0.006057042,-0.146306198,0.034085052,0.035640737,0.015010493,0.171392911
MCI,0.113942065,0.198977639,0.028186999,0.055132379,-0.104779329,0.054991441,0.089979234,0.084149507,0.011166812,0.017444002,0.044285885,-0.014574888,-0.042247948,-0.160636826,0.07087486,0.023023874,-0.006881039,0.146684263
MCI,0.100628174,0.220461437,0.071949873,0.053611839,-0.09219527,0.043458675,0.093675944,0.031024911,0.018891695,0.029983372,0.052344448,0.019977388,-0.035151133,-0.138637931,0.054270475,0.018064974,0.01790692,0.157738915
MCI,0.080598547,0.216119592,0.055902688,0.061455116,-0.132764372,0.077908375,0.079264509,0.086303445,0.015114313,0.03672294,0.060077838,0.048221669,0.015430301,-0.129290048,0.042465038,0.022668405,0.016317293,0.121982452
MCI,0.112181851,0.157821386,0.069211779,0.133736722,-0.154120302,0.030971757,0.023907512,0.021149932,0.027766792,0.092419392,0.104010076,-0.007988265,-0.000904863,-0.131615732,0.044890189,0.003095354,0.003511198,0.115648346
MCI,0.098735011,0.189778478,0.025076513,0.051232502,-0.118633892,0.055534505,0.078227916,0.018884319,0.041781505,-0.002035189,0.059154798,0.041859669,-0.009459495,-0.173880933,0.046593992,0.037411796,0.005949734,0.160233738
MCI,0.160102072,0.17376693,0.013584032,0.049590602,-0.115395095,0.07405648,0.095367619,0.134229098,0.026331902,0.06232456,0.109928997,0.063729481,-0.045814342,-0.065662491,0.021946368,-0.009377894,0.015350582,0.099175879
MCI,0.095402532,0.211273138,0.107657582,0.052490618,-0.162846598,0.083876304,0.04496865,0.0728783,0.048408659,0.074263143,0.054329459,0.067906571,0.006313272,-0.09992281,0.056189842,0.0143712,0.011041913,0.122004895
MCI,0.076501489,0.232462797,0.112732713,0.056791525,-0.142952376,0.080839849,0.091733221,0.074123806,0.027870476,0.030470517,0.042615467,0.054884112,0.023139218,-0.105311157,0.052820395,0.046595103,0.020294307,0.167888726
MCI,0.113756831,0.228543229,0.068998567,0.053446912,-0.127629104,0.008614663,0.075874971,0.044222352,0.012752444,0.010603981,0.058488214,0.010208918,0.009494388,-0.112336256,0.062679656,0.019463337,0.013764311,0.157782352
MCI,0.122975406,0.190383785,0.045203743,0.049924533,-0.088095351,0.057612355,0.096939404,0.028915942,0.023487202,0.019215887,0.059580233,0.024805031,-0.022235967,-0.135112024,0.052286354,0.038312407,0.004093693,0.163598903
MCI,6.47E-02,2.32E-01,4.86E-02,6.20E-02,-1.05E-01,6.96E-02,7.31E-02,9.58E-02,4.34E-03,4.00E-02,6.70E-02,4.18E-02,-2.90E-03,-1.30E-01,5.70E-02,3.93E-02,2.08E-02,1.47E-01
MCI,0.052953114,0.202648702,0.049788213,0.058365219,-0.128040208,0.089296734,0.101911781,0.069953909,0.032344781,0.056255823,0.067770315,0.077223964,0.021180018,-0.145459739,0.028988026,0.028345171,0.023534459,0.140320887
MCI,0.106775943,0.203319039,0.042666394,0.073860876,-0.143974794,0.027923252,0.046395674,0.082276588,0.039487667,0.044772231,0.06959083,0.071764767,0.033321022,-0.143772852,0.060216627,-0.008600278,0.023753983,0.164417754
MCI,0.092789921,0.221957312,0.044817131,0.074607395,-0.110259404,0.055676724,0.038319996,0.017938397,0.026941831,0.035132141,0.083466264,0.031657208,-0.014835051,-0.133054247,0.069070436,0.034176892,0.022750848,0.189801633
MCI,0.111074937,0.226391448,0.064814504,0.013960516,-0.137072999,0.077111555,0.074400776,0.051560496,0.002953573,0.031929307,0.053102242,0.024403493,0.032038241,-0.116979664,0.066816702,0.022206186,0.013185615,0.136385807
MCI,0.095873549,0.216792332,0.023354111,0.047258938,-0.104120678,0.092190253,0.110229281,0.05753994,0.021723525,0.040537186,0.102779531,0.074886568,-0.007537599,-0.13000095,0.02575567,0.03923378,0.003370623,0.119522992
MCI,0.10546208,0.217809536,0.096998693,0.078148002,-0.114747775,0.047970876,0.061669204,0.03106163,0.015477066,0.023812263,0.050741515,0.007662528,0.022593255,-0.1352941,0.041405625,0.024188386,0.031494135,0.182688884
MCI,0.092490804,0.232106592,0.067333237,0.059810477,-0.092898694,0.03461009,0.063328491,0.023167907,0.034190575,0.035241541,0.056753029,0.03695412,-0.02408862,-0.129138146,0.056334946,0.030209016,0.018735386,0.209195144
MCI,0.100085704,0.22319503,0.055742844,0.067642188,-0.114676557,0.062858949,0.061013715,0.04388278,0.018852089,0.036403357,0.054163901,0.032022245,-0.028967901,-0.11655385,0.084229476,0.006963303,0.016704212,0.167099403
MCI,0.147418039,0.183083337,0.012991289,0.064244132,-0.145346825,0.026730151,0.06657253,-0.010380016,0.032368187,0.044669125,0.113704468,-0.034503903,-0.051320988,-0.151946693,0.055553734,0.015773967,-0.012901543,0.115051473
MCI,0.159351648,0.219777625,0.027461392,0.048685576,-0.116112487,0.017242639,0.065024718,-0.037196425,0.031925882,0.026186512,0.09406986,0.001707341,-0.029502092,-0.114446628,0.064015696,0.009761038,-0.011902243,0.16881894
MCI,0.111111434,0.205088138,0.0760533,0.067052482,-0.105686763,0.017234058,0.080192573,0.065214396,0.009419864,0.036212908,0.057323919,-0.003234859,-0.037258213,-0.127074463,0.049199795,0.005958631,0.014911312,0.114246124
MCI,0.0977927,0.231729007,0.089497449,0.052472517,-0.115590637,0.054240078,0.093843092,0.0763,0.009393267,0.024129266,0.062318438,0.070300774,-0.015511784,-0.080675906,0.062145556,0.017849695,0.027377347,0.171107576
MCI,0.096767861,0.231159108,0.116103918,0.066219008,-0.12007952,0.078223972,0.090514811,0.051869935,0.02647178,0.069533218,0.076896208,0.113256927,0.000691457,-0.054226098,0.058484935,0.025066577,0.033891796,0.180725974
MCI,0.194808387,0.179109776,0.045254968,0.0534582,-0.156636301,0.068271359,0.018072748,0.079333348,0.029033344,0.136479596,0.098751072,0.071612611,-0.033247809,-0.029008682,0.035819431,0.035074878,-0.013998896,0.11644303
MCI,0.122710817,0.207908037,0.027143901,0.038154319,-0.102985702,0.06265136,0.075725126,0.01064438,0.036915816,0.022291496,0.069096283,0.009428016,-0.012305247,-0.154486641,0.05253854,0.01546968,-0.008712766,0.142756192
MCI,0.139484286,0.177222851,0.048610073,0.058748235,-0.140003694,0.006162796,0.068062224,0.030524866,0.025179432,0.007309111,0.050079175,-0.021099235,0.028296852,-0.147381901,0.059676533,0.012757635,-0.002221557,0.13095833
MCI,0.099822915,0.239468652,0.060225385,0.02814136,-0.088498411,0.066485747,0.110861312,0.018803474,0.012554117,0.028309303,0.069415962,0.06087112,0.021537541,-0.133628567,0.021423,0.042867863,0.011325934,0.148992853
MCI,0.129667382,0.219500497,0.049737279,0.0407722,-0.122925926,0.02268076,0.065060205,0.012858228,0.023468422,0.050988118,0.083159387,0.038299177,-0.033143851,-0.093285617,0.079434763,-0.012019721,0.004448894,0.176793712
MCI,0.092021834,0.197792305,0.069962099,0.069598487,-0.139405457,0.019251823,0.048966263,0.098659224,0.024478648,0.007708527,0.044675466,0.03573246,0.033908503,-0.121869923,0.068083241,0.034892959,0.062612185,0.173070109
MCI,0.084623129,0.201281228,0.082643849,0.041746063,-0.149783963,0.074718219,0.089296057,0.076015188,0.033232113,0.015296366,0.052134022,0.098847898,0.017689144,-0.092734074,0.049359684,0.041192488,0.028549077,0.148401225
MCI,0.089522248,0.223566162,0.079018431,0.065391395,-0.109350112,0.054212183,0.079421205,0.065540782,0.003117375,0.039000002,0.024287047,0.022330928,-0.00599591,-0.134732586,0.067287459,0.026790864,0.029095019,0.176199246
MCI,0.050768758,0.24334357,0.126584915,0.084311523,-0.111316779,0.102205557,0.084581184,0.137916664,0.016488384,0.052067191,0.042963936,0.095009796,-0.001475969,-0.101659542,0.051426065,0.030040492,0.043824433,0.147826918
MCI,0.086072089,0.21305617,0.091130538,0.02557735,-0.123483021,0.049293709,0.100106837,0.062615833,0.000360776,0.040754966,0.033805179,0.024882857,0.033517816,-0.11567149,0.049980523,0.031494574,0.010462333,0.13538774
MCI,0.064448257,0.241672143,0.132281587,0.079705935,-0.114741752,0.082906851,0.089909585,0.121251811,0.012459038,0.038748344,0.045724377,0.072892031,0.033307458,-0.094601423,0.025151454,0.055769337,0.031201484,0.128417502
MCI,0.1005201,0.233471022,0.126566644,0.057377681,-0.132687658,0.059617577,0.070399642,0.094562825,-0.0000857,0.043543067,0.042617164,0.051864619,0.015981541,-0.087787089,0.060162971,0.031407352,0.015044676,0.108557012
MCI,0.15831415,0.212470178,0.04107948,0.027308093,-0.119378971,0.014891884,0.06125254,0.011068722,0.024116643,0.022744543,0.11121211,0.032605647,-0.046831653,-0.111598383,0.059023553,-0.005556127,0.009125975,0.145748062
MCI,0.161070615,0.206739337,0.026493406,0.046437544,-0.137895677,0.013841302,0.064105279,0.017446053,0.01505844,0.005897982,0.111888239,-0.011595235,-0.023826028,-0.10183418,0.080278904,0.008159864,-0.028628001,0.134352851
MCI,0.09664349,0.211146752,0.102315478,0.081659833,-0.1405537,0.054192773,0.077300602,0.115159615,0.027750874,0.016028411,0.058330711,0.059606938,0.01709829,-0.122955957,0.045157327,0.025300744,0.033743655,0.127058546
MCI,0.150796722,0.195876248,0.010621124,0.046728405,-0.124463113,0.007688191,0.082938671,-0.034222812,0.028184469,0.010213706,0.121235448,0.022871661,-0.008347015,-0.106888871,0.038432959,0.027645482,0.006076429,0.141151054
MCI,0.074790802,0.250078749,0.141298759,0.089535455,-0.097978831,0.091897363,0.05790146,0.114884013,0.013292286,0.039681718,0.050521454,0.057034509,0.006794565,-0.074356926,0.055034523,0.045815601,0.054859383,0.160120519
MCI,0.107061714,0.239261691,0.104882597,0.065991303,-0.078609015,0.060201321,0.096592355,0.054907515,0.00293203,0.018824635,0.071651602,0.044510295,-0.03256723,-0.084088494,0.066120118,0.025382321,0.041967151,0.182358129
MCI,0.106764316,0.203184704,0.079050943,0.064750922,-0.082519937,0.021929972,0.101415108,0.015567002,0.00497205,0.037947414,0.08141772,0.007812705,-0.037531157,-0.112869532,0.044835056,0.037339639,0.017091676,0.183595696
MCI,0.067282594,0.207534454,0.153037798,0.100718611,-0.12735712,0.066763201,0.094366488,0.153553221,0.016551905,0.060460048,0.023543196,0.09750703,0.039159022,-0.093025085,0.050164608,0.008881949,0.050834907,0.150550679
MCI,0.107359352,0.214812806,0.048367669,0.066205839,-0.104306544,0.060650581,0.049060751,0.031253097,0.029152068,0.013646781,0.043887907,0.023407977,-0.0075469,-0.140189971,0.062372843,0.012968861,0.011510571,0.182265725
MCI,0.102433508,0.231229304,0.085047518,0.066491828,-0.091060327,0.072511797,0.07005562,0.024065676,0.032911114,0.026904449,0.062739926,0.061214443,0.005264931,-0.116610074,0.042253395,0.028503675,0.034011888,0.155392935
MCI,0.08441721,0.223042895,0.064321755,0.048386778,-0.12167075,0.078932382,0.073859548,0.052631591,0.029137714,0.048992012,0.074617647,0.055309545,0.000230777,-0.129873482,0.056503937,0.036095297,0.022126097,0.161285001
MCI,0.095382089,0.230294355,0.081635291,0.075691279,-0.107530888,0.034407831,0.057009744,0.063185719,0.008478072,0.061576821,0.075006469,0.000705714,-0.014213061,-0.104503961,0.059063469,0.021204306,0.009758731,0.135305491
MCI,0.078653943,0.231774515,0.108492838,0.056052864,-0.102540847,0.043496061,0.091895215,0.075417989,-0.000982256,0.038671775,0.026468181,0.027032605,0.040706255,-0.116097561,0.051203266,0.042934874,0.029681213,0.1371887
MCI,0.118782092,0.223163623,0.055572545,0.077937809,-0.076523681,0.052969985,0.056412173,0.02205922,0.020522853,0.025200121,0.060675172,-0.02752558,-0.065581409,-0.149909819,0.053718806,0.031690825,0.019715481,0.1508026
MCI,0.092678753,0.235869656,0.124443448,0.057449703,-0.168526628,0.092333853,0.078620634,0.117786554,0.016988304,0.063714838,0.074093563,0.118272798,0.019632571,-0.03190595,0.077549766,0.034943933,0.011733063,0.13289382
MCI,0.096020435,0.18504458,0.056521646,0.053643846,-0.149296022,0.048252791,0.060276839,0.097274587,0.038648688,0.060023895,0.094255209,0.072990348,0.020929987,-0.130987947,0.019325073,0.004566517,0.009222183,0.089305748
MCI,0.134622176,0.201641677,0.079324608,0.064132292,-0.124903018,0.023989184,0.078379365,0.078284698,0.001128599,0.023432788,0.093624063,0.033185419,-0.041018648,-0.063703206,0.089991561,0.008073179,0.037435947,0.144456515
MCI,0.078168683,0.205965416,0.083676912,0.066922775,-0.122295901,0.016602472,0.073928107,0.063111112,0.009187954,0.040177039,0.017501857,0.021935062,0.023879804,-0.124659957,0.074164489,0.009539512,0.028319477,0.179998508
MCI,0.086507875,0.233389247,0.106612674,0.067988585,-0.133657972,0.062988991,0.070769579,0.088036888,0.01507685,0.0574729,0.063281358,0.041431456,0.003525743,-0.111935042,0.046281798,0.022138599,-0.001623046,0.101286598
MCI,0.122069422,0.20867998,0.043559426,0.073815482,-0.115809154,0.03727693,0.091572893,0.058508455,0.013898366,0.072564289,0.09505799,0.018098594,-0.027189776,-0.143293407,0.039985409,0.019335805,-0.020052377,0.077467502
MCI,0.103104622,0.227092506,0.078169357,0.060744067,-0.10566586,0.007480506,0.087161157,0.04470272,0.009384396,0.026540127,0.065174206,0.013859381,-0.003068568,-0.119299533,0.040305088,0.02445166,0.034349045,0.177
MCI,0.110495039,0.233435231,0.056548213,0.055145177,-0.093234941,0.034305751,0.070920247,0.064216515,0.009882649,0.02262182,0.05659642,0.010681261,-0.002965355,-0.146598327,0.064949367,0.018491687,0.028031374,0.155277261
MCI,0.093184908,0.248144284,0.065573762,0.052826972,-0.100108885,0.066625458,0.095180971,0.059097002,0.010650009,0.037697965,0.056269862,0.041499374,-0.014484724,-0.135705747,0.052654445,0.032448238,0.002659739,0.139864883
MCI,0.120654197,0.230653834,0.087288206,0.063360711,-0.101103141,0.031997447,0.059998597,0.041583537,0.015267636,0.008449984,0.03375703,-0.007289503,-0.022618053,-0.122664026,0.064523625,0.039844121,0.016163481,0.159836729
MCI,0.081601321,0.253437208,0.088779554,0.064197483,-0.083177409,0.092490516,0.085318084,0.097181293,0.000431526,0.033609992,0.061912284,0.048951247,-0.024911877,-0.119082553,0.061946497,0.026509568,0.032131218,0.148854666
MCI,0.131071938,0.234855411,0.042266973,0.035943513,-0.108765873,0.026368997,0.079531204,0.018665999,0.016565489,0.012397178,0.109307251,0.029227725,-0.020958092,-0.111832013,0.039142858,0.024455908,0.015403485,0.16531138
MCI,0.086711137,0.246578071,0.091469332,0.072763906,-0.10462266,0.060914342,0.092856577,0.090463417,0.013195478,0.05041372,0.076349447,0.052770466,-0.003220534,-0.117369583,0.039872392,0.010526676,0.030604115,0.125274874
MCI,0.119894266,0.20233974,0.041707987,0.06542275,-0.138419095,0.015401244,0.064887101,0.073577624,0.013543105,0.038410774,0.066534163,0.002260702,-0.003318161,-0.136183761,0.058409219,0.002697585,0.016114128,0.13786208
MCI,0.087638561,0.232877008,0.098758701,0.058205371,-0.090822994,0.050903445,0.10481402,0.093587602,0.012494578,0.055008684,0.05421968,0.051192,0.008000628,-0.126338611,0.042377009,0.007783866,0.008899898,0.140582985
MCI,0.104815554,0.243540235,0.080756883,0.052435346,-0.085382544,0.059394563,0.073481773,0.0733033,0.006975829,0.018879423,0.055293632,0.030462982,0.00945039,-0.118092976,0.041562512,0.017826898,0.001639265,0.145279572
MCI,0.115968658,0.232376559,0.061749995,0.042870217,-0.099884287,0.023490881,0.078878931,0.004102657,0.024593667,0.045801647,0.078950458,0.051865936,-0.010109471,-0.098272337,0.048127263,0.004677526,0.031128721,0.181790231
MCI,0.074046786,0.194383352,0.039197083,0.066761628,-0.128688919,0.01635745,0.092383488,0.075338395,0.001957309,0.062375785,0.063057772,0.043896196,0.043529034,-0.152088742,0.040331275,0.027385444,0.001589511,0.118325329
MCI,0.066231463,0.210757031,0.071455143,0.052455026,-0.139903559,0.049110641,0.108704033,0.089721633,0.011795744,0.025728902,0.02093902,0.050409429,0.023754039,-0.124972223,0.064554612,0.026529358,0.036363302,0.16025329
MCI,0.100701847,0.226432978,0.076299429,0.077896958,-0.069448395,0.059503299,0.090290389,0.074379358,0.012729191,0.019520476,0.041194596,0.040714337,0.009880499,-0.132681671,0.032069468,0.02290011,0.012909069,0.135251512
MCI,0.106404702,0.214990227,0.055142563,0.047652465,-0.128509492,0.006681542,0.094058945,0.053588856,0.017061438,0.056846741,0.077127795,0.063365974,0.00551278,-0.099172274,0.051811744,0.020170067,0.019761109,0.157937926
MCI,0.098378843,0.198218885,0.084116915,0.06623982,-0.132580565,0.036667601,0.074556224,0.1050072,0.026850885,0.087793314,0.123930215,0.108641501,-0.000870152,-0.054607072,0.033284358,-0.0212624,0.046592592,0.161656686
MCI,0.124147168,0.211884389,0.0428042,0.061563733,-0.122358165,0.043262702,0.087978539,0.091278932,0.005844184,0.038741172,0.090586453,0.037139604,0.028175351,-0.11183804,0.051646425,0.023068966,-0.003811311,0.081821111
MCI,0.118341502,0.194113669,0.084895056,0.085063841,-0.1605192,0.026436236,0.053337438,0.037212785,0.02832602,0.044773753,0.049129531,0.035786832,0.024932616,-0.09807583,0.083615632,0.017685256,0.025558656,0.163390777
MCI,0.104158046,0.19725813,0.052113401,0.059189373,-0.144317245,0.020359989,0.083373586,0.077707429,0.016182461,0.028246512,0.03654035,0.000455507,0.029862517,-0.133873653,0.064693709,0.016157878,0.005216035,0.150404246
MCI,0.077211747,0.217089434,0.099470703,0.057043661,-0.119992507,0.026097655,0.081390716,0.065370781,0.005152995,0.024308063,0.049704672,0.031861129,0.015355633,-0.102748061,0.047016162,0.0340185,0.054086113,0.186821854
MCI,0.14418463,0.212204873,0.050458245,0.068543024,-0.112333173,0.024899643,0.056079979,0.048921102,0.005573737,0.017325763,0.051770006,-0.029730537,-0.03674277,-0.129804213,0.084640906,0.006692063,0.018143577,0.137843083
MCI,0.095495403,0.196104469,0.101498134,0.047209223,-0.127963946,0.111939625,0.085362478,0.098323803,0.017384877,0.097369617,0.049742409,0.054321758,-0.018655015,-0.0811552,0.064028005,0.03681254,0.017281914,0.04683242
MCI,0.137410603,0.167847021,0.050670299,0.057039721,-0.148367228,0.025008877,0.093552233,0.057186087,0.03102419,0.067196122,0.093611958,0.047344206,-0.009738948,-0.128014767,0.030708178,-0.007188683,0.008902478,0.052010367
MCI,0.133577707,0.187091659,0.057025382,0.033578241,-0.128335626,-0.010181262,0.098825599,-0.002060105,-0.002430892,0.029378929,0.095223994,-0.013067192,-0.023562614,-0.096698645,0.060898385,0.031782766,-0.001373684,0.146150552
MCI,0.109366445,0.198465495,0.029029519,0.070224793,-0.112023866,0.046186797,0.091413147,0.014486222,0.030177614,0.041375114,0.042858693,0.028170211,-0.011613899,-0.142925904,0.043966972,0.028109599,-0.007570971,0.132363373
MCI,0.097457097,0.220672968,0.120934186,0.10947582,-0.103845172,0.042218265,0.093122542,0.04270295,0.011452016,0.050051,0.075957866,0.011880671,-0.019618296,-0.111050093,0.022874146,0.005983624,0.025856311,0.129670943
MCI,0.200036114,0.134160833,0.034066254,0.059071399,-0.133185621,0.071048797,0.044645032,0.034911979,0.038159183,0.111143328,0.077481118,0.079623288,-0.011713968,-0.047353378,0.025151302,0.025391596,-0.006120288,0.105029171
MCI,0.101291167,0.206627919,0.029945749,0.066942254,-0.116934604,0.033487016,0.045613063,0.053832563,0.018424825,0.016819372,0.060515584,0.022370765,-0.015975052,-0.148078105,0.075436775,0.043794977,0.009898917,0.171062546
MCI,0.051431256,0.247298436,0.099361185,0.089722543,-0.076511587,0.110871443,0.086673482,0.125098837,-0.005894899,0.049476718,0.041245222,0.059844093,-0.035875263,-0.13096816,0.068233767,0.037594947,0.033384692,0.131277231
MCI,0.164905216,0.162481779,-0.003654678,0.035661507,-0.113888397,-0.007803595,0.095035357,-0.016478094,0.015696616,0.009211076,0.112680409,-0.019794579,-0.060954504,-0.120708628,0.080293308,0.003273963,-0.026754078,0.108650439
MCI,0.101699018,0.222641241,0.085982537,0.053521393,-0.118976645,0.036459757,0.090233024,0.07763084,0.021093388,0.039332861,0.034602312,0.047075151,-0.000893447,-0.114752227,0.055921467,0.010182265,0.000991226,0.118070811
MCI,0.124429059,0.15389512,0.008577278,0.086033582,-0.126543019,0.052200589,0.079563385,0.026537789,0.034038547,0.042526456,0.076680025,-0.022744947,-0.048414906,-0.149831176,0.063726218,0.010897466,-0.026269039,0.064707616
MCI,0.079606542,0.23150669,0.101940705,0.087476656,-0.070045342,0.04119633,0.108904114,0.062946078,0.020211383,0.04825373,0.047084873,0.060654513,-0.042456305,-0.130590847,0.040286603,-0.000101678,0.053073867,0.156479321
MCI,0.189620439,0.141879689,-0.017834368,0.076026991,-0.12263983,-0.000456235,0.06563253,0.102448261,0.040413582,0.029489427,0.101502758,0.047506841,-0.037917702,-0.114872167,0.044428569,-0.035997604,0.008941378,0.073084665
MCI,0.100008504,0.193824741,0.062788856,0.035690099,-0.125852622,0.048182274,0.067277708,0.034313284,0.024462846,0.024688755,0.026348317,-0.002270422,-0.011610885,-0.139378537,0.062875584,0.02231675,0.022058002,0.157859152
MCI,0.092433,0.218897978,0.059690845,0.069448788,-0.122688487,0.021147898,0.062049582,0.061411401,0.013575117,0.03330331,0.061292378,0.017184979,-0.002887132,-0.126261923,0.054352474,0.035843718,0.023127128,0.168440189
MCI,0.120400417,0.20520239,0.074563741,0.079023886,-0.145886769,0.061310251,0.048847402,0.072160298,0.02339942,0.041858291,0.094212822,0.04328856,0.008887826,-0.108057436,0.063379789,0.017918847,0.026964755,0.125205501
MCI,0.11039384,0.248617511,0.092606999,0.050862016,-0.070513366,0.031602327,0.11347621,0.06626043,0.004292439,0.021893503,0.057326756,0.03325881,-0.018239108,-0.093789591,0.043208156,0.037031027,0.017693059,0.155298631
MCI,0.121854537,0.178322723,0.046034473,0.06037669,-0.131526409,0.04874801,0.090403407,0.040636018,-0.009860299,0.010380446,0.073202812,0.02765572,-0.024523792,-0.132066943,0.082076656,0.017459058,0.004618929,0.142650642
MCI,0.07469894,0.222905958,0.069876943,0.062478055,-0.108510569,0.060580236,0.064779354,0.071598165,0.018813693,0.027871891,0.037645596,0.07253128,0.00699156,-0.127171532,0.057999498,0.018015242,0.035293349,0.17166317
MCI,0.10548114,0.200498036,0.02139423,0.054184609,-0.115102718,0.045100526,0.082381949,0.066516478,0.032865853,0.024524513,0.057764807,0.026907579,-0.014180193,-0.152770172,0.041407228,0.043823983,0.000642496,0.122734125
MCI,0.148074188,0.185287824,-0.014716353,0.033265015,-0.112988824,-0.001009299,0.077974858,-0.00975782,0.030782091,0.004308065,0.074745217,-0.027630002,-0.000864797,-0.192843318,0.04185543,0.015894118,-0.010255777,0.110720765
MCI,0.142679946,0.194700007,-0.002559991,0.048166521,-0.131657346,0.034736899,0.080196593,0.078570534,0.024728063,0.025837655,0.08272069,0.011889276,-0.02773469,-0.147332525,0.065164528,-0.026419403,-0.018405704,0.076740619
MCI,0.092480208,0.23869552,0.09026446,0.068794355,-0.111410517,0.047147588,0.066717995,0.064624965,0.017763079,0.037899754,0.063628704,0.02324282,-0.007772477,-0.107367783,0.061576368,0.044034626,0.014531868,0.164407638
MCI,0.088808124,0.209655861,0.121483435,0.068769116,-0.156072433,0.018914688,0.079582033,0.069079849,0.006245726,0.043010005,0.040181565,0.018085277,0.018800545,-0.074490514,0.057928481,0.032840891,0.026459887,0.118413614
MCI,0.113159046,0.203616777,0.026725229,0.041263402,-0.109131647,0.027390307,0.093736413,0.050981635,0.006487678,0.007329486,0.046797003,-0.012915056,-0.04293116,-0.14722926,0.062984486,0.01431478,-0.002222317,0.158405654
MCI,0.113264772,0.186990839,0.01778052,0.03088898,-0.165705422,0.028910041,0.065045975,0.031048446,0.03030288,0.024659384,0.068547739,0.02476389,0.044151084,-0.142398126,0.062297483,0.01705784,-0.014271637,0.135772187
MCI,0.112072942,0.239812231,0.086063937,0.051468308,-0.101873333,0.01922832,0.073306929,0.050285499,-0.001394817,0.02998407,0.0961037,0.018929783,-0.034450897,-0.072123339,0.048382919,0.008438587,0.005889158,0.155730699
MCI,0.105207022,0.248147721,0.068167107,0.037381662,-0.095761475,0.039389798,0.075156334,0.016878094,0.011892138,0.021571826,0.083428841,0.034021018,-0.046642944,-0.087678398,0.066855015,0.032752403,0.015480213,0.202900071
MCI,0.097568322,0.215269582,0.061779619,0.056263714,-0.117414672,0.033862865,0.079933383,0.019102267,0.021530123,0.000525847,0.063867732,0.051328509,-0.019864818,-0.114507377,0.083940741,0.032408669,0.029579137,0.225090198
MCI,0.188835754,0.149115048,0.012343287,0.044017448,-0.143860642,0.012521513,0.0624915,0.018594315,0.045170652,0.033506992,0.106058835,0.013810112,-0.011228614,-0.150343783,0.031166782,0.002958716,-0.022143682,0.05855381
MCI,0.116876959,0.218432575,0.047751533,0.033326339,-0.111208683,0.056537699,0.086682145,0.021582622,0.022289429,-0.004230877,0.076608213,0.044039893,-0.016876695,-0.137140896,0.058192045,0.037401485,0.027882559,0.210819801
MCI,0.101612181,0.215686073,0.046087653,0.077346526,-0.113338747,0.012276108,0.073594142,0.059570477,0.026176683,0.022806596,0.077605084,0.052053396,0.00135291,-0.139141506,0.044820732,0.02407644,0.009067145,0.156201598
MCI,0.067930825,0.246348978,0.10968215,0.064818222,-0.078065291,0.10936976,0.070684895,0.072138006,0.013895616,0.040205306,0.030419846,0.038975423,0.003174882,-0.116898097,0.041700444,0.062062078,0.029772848,0.15924025
MCI,0.122292349,0.129609065,-0.022926148,0.010303779,-0.187195557,0.056252734,0.120672659,0.040295433,0.010907427,0.050290234,0.113773534,0.039732626,0.00471982,-0.098274926,0.029587346,0.072728736,-0.038185086,0.048110558
MCI,0.135047424,0.157845444,0.017517262,0.048892947,-0.1909966,0.035055824,0.018524703,0.017054954,0.023256871,0.036302535,0.10659631,0.011154804,0.044754138,-0.132675871,0.057360615,0.018348695,-0.020372984,0.110208874
MCI,0.157719153,0.193119428,0.003576249,0.033237676,-0.12968591,0.014684294,0.085705269,-0.005156933,0.02554844,0.011637124,0.103110073,0.001095947,-0.051444046,-0.135866104,0.068511018,0.014885976,-0.02398008,0.127698213
MCI,0.089865545,0.212757493,0.04040183,0.078328257,-0.095758295,0.050196645,0.070626758,0.055206415,0.019836775,0.045485061,0.074961843,0.059037812,-0.022982018,-0.151296898,0.050291536,-0.000960142,0.019168829,0.148440856
MCI,0.145341457,0.222332429,0.055601182,0.06938911,-0.121314279,0.04337672,0.060717023,0.044375756,0.011601358,0.060054128,0.118089598,0.044743047,-0.040293164,-0.054661529,0.07076374,-0.01030723,0.00630317,0.130617081
MCI,0.175327059,0.107946915,-0.020834869,0.076254032,-0.144965,0.048954836,0.049937569,0.059058305,0.025097225,0.115727318,0.139082265,0.00709699,-0.026087197,-0.083338556,0.035473203,-0.019311316,-0.029335989,0.103080385
MCI,0.116663022,0.199713619,0.062937649,0.068771561,-0.104629849,0.012290472,0.090894433,0.012651983,0.002905354,0.023647142,0.079369895,0.0111825,-0.016515103,-0.108099571,0.059924278,0.043466709,0.022988837,0.165200996
MCI,0.129394963,0.213983266,0.046443875,0.058487295,-0.10676725,0.039492176,0.075809965,0.057197469,0.011956446,0.006448232,0.059699853,0.001211489,-0.010789057,-0.140976374,0.046826524,0.022955645,-0.003856708,0.107574633
MCI,0.144090415,0.161760198,0.016398582,0.062250011,-0.121722129,0.02546012,0.076995367,-0.014418171,0.038382603,0.034271055,0.082137789,-0.003401439,-0.017772989,-0.145743015,0.055915511,-0.003334555,-0.025822869,0.094737882
MCI,0.107752245,0.214960074,0.083469729,0.08443122,-0.106534711,0.052596654,0.064560749,0.102775493,0.020553859,0.044473791,0.053879168,0.022714628,-0.02849974,-0.100654513,0.072540553,0.009599692,0.027982436,0.134319463
MCI,0.07037426,0.206534715,0.086435211,0.098944305,-0.149071814,0.061873736,0.065751574,0.09503143,0.007886977,0.044269027,0.061084157,0.035266109,0.003796438,-0.13339378,0.057473498,0.047327239,0.020149228,0.142537234
MCI,0.092563071,0.248308344,0.060540809,0.052350268,-0.094456602,0.03653443,0.087827322,0.0073904,0.014058722,0.019957795,0.069686782,0.064837072,-0.019425083,-0.094758764,0.064709382,0.044530614,0.014525721,0.215076941
MCI,0.086069928,0.238954957,0.063999537,0.038071212,-0.113054479,0.053683742,0.095717498,0.041764901,0.011093287,0.037408593,0.065888492,0.013752057,0.016185051,-0.127947791,0.03319237,0.043560903,0.019056295,0.144226119
MCI,0.137290655,0.174210916,0.011939514,0.081658474,-0.135892188,0.021674207,0.067010682,0.028846173,0.01681393,-0.003562737,0.062100799,-0.0141048,-0.036188101,-0.154773955,0.069566551,0.040559619,-0.005510857,0.113537273
MCI,0.098877571,0.175739815,0.082043156,0.080493139,-0.105795253,0.081370988,0.132957251,0.033130605,0.02453487,0.040148955,0.049180682,-0.004921823,-0.072537464,-0.145824119,0.053164715,-0.001503679,0.01626833,0.116368469
MCI,0.142085725,0.196571422,0.002807477,0.052694396,-0.08004227,0.016625404,0.099113236,0.011154742,0.035705392,0.033409913,0.080332038,0.01504349,-0.033907101,-0.191764444,0.021471571,0.001052093,-0.012218954,0.0932
MCI,0.095918123,0.228572235,0.120690301,0.060094375,-0.134255913,0.053838068,0.101970917,0.072140542,0.024528429,0.049479631,0.051736074,0.079342408,-0.000513704,-0.085260234,0.037321468,0.021107573,0.028161922,0.112758593
MCI,0.108117883,0.210915433,0.069963342,0.077394309,-0.117247307,0.059418165,0.065010781,0.08232787,0.014331413,0.015089757,0.031118244,0.017157187,0.007311458,-0.127393741,0.063218971,0.020132756,0.003696679,0.154352862
MCI,0.101608284,0.2238511,0.064443911,0.053264447,-0.116874332,0.037869918,0.084438546,0.040945452,0.013298334,0.050889277,0.086500742,0.016547333,-0.003330727,-0.115939631,0.041494024,0.045537231,0.006732729,0.136743971
MCI,0.095444175,0.235315434,0.063284838,0.031099606,-0.09536314,0.041940073,0.0921537,0.051104293,0.000339497,0.007575639,0.045459568,0.007332317,0.025410709,-0.135508219,0.04262879,0.05144471,0.033782767,0.182157361
MCI,0.154385609,0.183497155,0.039864324,0.061764639,-0.127406636,0.025484699,0.051582293,0.030782185,0.0305726,-0.001430355,0.037527932,0.005576469,-0.01579825,-0.145888875,0.07824241,0.000387283,0.006506761,0.151514185
MCI,0.142016282,0.248082256,0.06165215,0.051685608,-0.091825521,0.058604359,0.060910032,0.007574406,0.020211682,-0.000670538,0.065544645,0.024084763,-0.053545566,-0.089974289,0.069338509,0.026777391,0.006621297,0.169347547
MCI,0.173599889,0.168515195,-0.013401425,0.030505702,-0.166108131,0.058118995,0.065554361,0.032960339,0.032908015,0.052629863,0.110965364,0.028976181,0.003446391,-0.096777785,0.062854092,-0.013075989,-0.032276417,0.108601857
MCI,0.086482699,0.215188597,0.049833321,0.033791305,-0.086560579,0.095921001,0.090707491,0.044744224,0.010979513,0.004731213,0.038046997,0.035920195,-0.060229706,-0.110574209,0.065998019,0.0450956,0.030720997,0.17678087
MCI,0.13472365,0.214982313,0.023086945,0.035763359,-0.119137999,0.016311071,0.066965294,0.005934585,0.021654803,0.027530396,0.077053774,0.001488071,-0.01639305,-0.157340636,0.041795725,0.022413646,0.016188802,0.143734722
MCI,0.039087621,0.229838774,0.134001555,0.057131553,-0.118816798,0.095870732,0.049738826,0.092576566,0.013180302,0.043462904,0.05018269,0.113912427,0.04251066,-0.074878467,0.047945819,0.050396793,0.056669982,0.190795155
MCI,0.071548555,0.239722365,0.121173695,0.061473971,-0.105713421,0.086661659,0.090625407,0.12095763,0.008486906,0.016861671,0.026614847,0.064374753,0.035419301,-0.096903122,0.055681213,0.045085868,0.047436919,0.168466094
MCI,0.116550178,0.229390174,0.080497316,0.067569919,-0.11415375,0.046227852,0.072024669,0.041588311,0.020167918,0.024240726,0.050067488,-0.0000973,-0.012307554,-0.126780162,0.067424662,0.024802665,-0.018575562,0.129774397
MCI,0.100724648,0.215321008,0.07176678,0.065397884,-0.119279415,0.091677541,0.086434053,0.057276247,0.021350706,0.036050884,0.075394092,0.06350578,-0.009953646,-0.122995663,0.045006292,0.008050556,0.026729091,0.121510116
MCI,0.075740118,0.254868023,0.121623603,0.052445033,-0.090459345,0.067997166,0.113262912,0.090918327,-0.006331941,0.038376996,0.031699618,0.026022332,-0.003018072,-0.110372571,0.034899222,0.039136327,0.023893871,0.134737485
MCI,0.105204882,0.197123559,0.07995048,0.049129183,-0.150793778,0.069759872,0.081860325,0.086605939,0.019475082,0.052789302,0.069590673,0.071146378,0.000545461,-0.105551877,0.071915059,0.019965183,0.018986448,0.120464224
MCI,0.11001072,0.203763293,0.069436334,0.044492784,-0.144453813,0.085188671,0.066950196,0.01917825,0.036336328,0.028703161,0.058653892,0.032248054,-0.008610458,-0.106904513,0.068103953,0.023503916,0.029282888,0.152528769
MCI,0.227948823,0.114505348,-0.059026935,0.059807244,-0.124357147,0.150278449,0.077692891,0.092104966,0.047771111,0.142916976,0.136167605,0.08962462,0.057615144,-0.028912389,0.070117297,0.099554758,0.03276392,-0.021460449
MCI,0.270703388,0.073743921,-0.066636416,0.03173935,-0.119629854,0.09816682,0.055925357,0.085942358,0.044327943,0.199078555,0.157084714,0.076368581,-0.006956358,-0.047317732,0.08050787,0.125674985,-0.003401893,-0.068969068
MCI,0.217187388,0.069785242,-0.073928094,0.073057214,-0.135934261,0.153638896,0.091766471,0.168099417,0.040470143,0.225955345,0.16497309,0.078953147,0.059064336,-0.025031213,0.035126648,0.101175603,0.003683721,-0.037014761
MCI,0.148539286,0.103152474,0.002505097,0.141468392,-0.104553679,0.044010413,0.090535354,0.04574943,0.035443462,0.099258315,0.134421801,0.027195165,-0.014401862,-0.141004626,0.099036947,0.034522217,0.03920812,-0.012917529
MCI,0.126696433,0.206917522,0.072104364,0.056887668,-0.115032364,0.067227745,0.094992257,0.084973717,0.009728646,0.083250781,0.110639026,0.063239522,0.0589973,-0.094349182,0.095812407,0.070049596,0.040507511,0.037202048
MCI,0.191712368,0.148983144,-0.093793873,0.037124119,-0.15380298,0.085157375,0.109239864,0.024914171,0.039673259,0.229656734,0.160219874,0.007015099,0.028031268,-0.097437906,0.127824122,0.020568677,0.065266972,-0.071604178
MCI,0.263447648,0.01375776,-0.124871587,0.089791557,-0.148152786,0.052960329,0.122,0.032516173,0.0908703,0.181083209,0.170202899,0.014146335,0.028980406,-0.078195019,0.08233449,0.024320784,0.018312767,-0.091317121
MCI,0.18146504,0.111061916,-0.152071415,0.103363996,-0.1178251,-0.006420852,0.095765719,-0.012755116,0.066362513,0.066257379,0.136807226,-0.050764268,0.040726899,-0.167656211,0.152865454,0.018013369,0.014990021,-0.051179108
MCI,0.185518636,0.085327905,-0.098772388,0.091293011,-0.151228946,0.03592124,0.135484476,0.029417231,0.130968897,0.165428892,0.149123034,-0.011998569,0.043342038,-0.12628267,0.13258686,0.012625312,0.019561431,-0.135429441
MCI,0.172325397,0.111631299,-0.06522875,0.050298039,-0.122162577,0.106024997,0.07373508,0.092388269,0.133897966,0.224199688,0.128414173,0.034497879,0.054648627,-0.024739773,0.056314611,0.094139315,0.048848461,-0.072816784
MCI,0.102737595,0.185981359,0.053973596,0.087818338,-0.101436555,0.077606246,0.099864342,0.058766342,0.011393523,0.129909152,0.131621552,0.05809844,0.021413525,-0.089269144,0.091345972,0.084447901,0.025744375,-0.013073984
MCI,0.171617001,0.190439836,-0.058286028,0.09428719,-0.09847431,0.053162269,0.090969853,0.003664885,0.035958779,0.061098736,0.106967645,-0.060857966,0.037282308,-0.088052103,0.122142805,0.041789089,0.042755991,-0.020245617
MCI,0.117689856,0.190732089,-0.009253059,0.129842659,-0.068117271,0.074545639,0.089034118,0.063923058,0.026152752,0.078114993,0.131663389,0.020826432,0.003300504,-0.093308672,0.124522812,0.075569944,0.033274627,-0.023594517
MCI,0.168367454,0.149729802,-0.07246111,0.0917116,-0.08615619,0.064563884,0.101153104,0.0162223,0.056044326,0.061673735,0.101305572,-0.022210967,-0.032023084,-0.160344992,0.127073059,0.040089991,0.014577879,-0.022398036
MCI,0.147956105,0.177107615,-0.085520854,0.111512229,-0.070811806,-0.001436136,0.096954042,0.006903711,0.064251848,0.061720139,0.150855972,0.009386435,0.012977512,-0.139805182,0.089955424,0.071856831,0.029608654,-0.018029259
MCI,0.185724196,0.052461897,-0.111087238,0.091345281,-0.122665389,0.108740241,0.116250115,0.117576603,0.071375653,0.224805952,0.178467631,0.041201167,0.061185282,-0.042433623,0.039679062,0.050314459,0.038614138,-0.041718532
MCI,0.14661196,0.119863005,-0.108612165,0.08788517,-0.091473279,0.03044157,0.142740081,0.046981696,0.043712096,0.078444724,0.11679076,-0.018025972,0.043033197,-0.142208492,0.121239005,0.015979332,0.03866736,-0.067753647
MCI,0.209029083,0.085445617,-0.105501581,0.018307069,-0.144930871,0.061996487,0.118337499,0.034807469,0.128795775,0.208949775,0.132491624,-0.008892996,0.082504873,-0.079085435,0.061433475,0.042394401,0.035186464,-0.095993783
MCI,0.237341262,0.062034092,-0.071845441,0.119836854,-0.12191075,0.124177269,0.055596228,0.044326809,0.08726336,0.259191129,0.092605151,0.055838335,0.042319528,-0.006462948,0.067829114,0.134885083,0.018513255,-0.039562445
MCI,0.093602983,0.170998439,-0.028559207,0.098219086,-0.086973119,0.05085408,0.134450301,0.086785462,0.091693961,0.073554149,0.113444394,0.048894184,0.052475645,-0.105906032,0.0834008,0.080560709,0.035771302,-0.016125321
MCI,0.134030392,0.050283677,-0.038688079,0.059189815,-0.170897679,0.034674385,0.134746081,0.092733612,-0.00143421,0.136161088,0.231263479,-0.009806549,0.007533593,-0.119205878,0.101823229,0.06978034,0.02485006,-0.080708784
MCI,0.168521897,0.142700398,-0.046790264,0.039299921,-0.038333779,-0.008072537,0.089813354,-0.013363263,0.132387244,0.083364707,0.155763374,-0.023419555,0.046505379,-0.098920584,0.110254839,0.039282312,-0.005492543,0.042162461
MCI,0.173367686,0.123445506,-0.042331742,0.054194466,-0.038279576,0.04782445,0.115569492,0.028423226,0.093756972,0.13722095,0.147951835,-0.005994603,0.057435021,-0.219808732,0.107662712,0.030120844,0.00422858,-0.037537646
MCI,0.201423176,0.11376737,-0.088984058,0.049933883,-0.081337161,0.076842218,0.083358598,0.108023798,0.103497712,0.185718073,0.119093882,0.022630137,0.038089219,-0.070108243,0.124864313,0.018098598,0.017360521,-0.10627723
MCI,0.185776349,0.08503174,-0.042334153,0.131782518,-0.030535615,0.089042837,0.130892965,0.022607554,0.1248008,0.179987415,0.192674151,0.007476434,0.053895168,-0.075654297,0.078160445,0.007590293,-0.020138948,-0.077545137
MCI,0.158652557,0.14854517,-0.082485738,0.058900204,-0.04077588,-0.031547628,0.081996035,0.024242722,0.16559345,0.084209873,0.120142912,-0.009729924,0.039414352,-0.107151712,0.117975037,0.007185671,0.014100721,-0.021088921
MCI,0.158440766,0.100361442,-0.048581539,0.071284179,-0.079071451,0.063184097,0.110257637,0.060191802,0.015911631,0.135181303,0.179377511,-0.007216804,-0.048322502,-0.190387254,0.203370771,0.080224564,-0.080356729,-0.091221139
MCI,0.160018142,0.133648825,-0.104154434,0.043313878,-0.028067349,-0.007350562,0.07050605,0.101565235,0.167350629,0.147992156,0.127703433,-0.030934989,0.036718493,-0.059541757,0.100910889,0.013538648,0.009248038,0.002710194
MCI,0.156292303,0.124811906,-0.107347192,0.065258905,-0.054487215,0.010909381,0.055231691,0.048973173,0.166967057,0.111729045,0.134188743,-0.014534811,0.03188059,-0.07575639,0.140467486,0.003358373,0.0218907,-0.01296771
MCI,0.143682858,0.17702765,-0.017072593,0.089552467,-0.062406548,0.027715751,0.099466134,0.037425973,0.062539724,0.091560432,0.132873492,0.04682225,0.017597616,-0.059334537,0.153209657,-0.002519046,0.003515167,0.038444486
MCI,0.176231842,0.107280777,-0.030251646,0.081264281,-0.098415124,0.05093398,0.120348652,0.058387993,0.05019869,0.1047071,0.107424117,0.040183505,0.08765632,-0.070040702,0.181766536,-0.002206721,0.007760426,-0.009768498
MCI,0.141801085,0.224899337,-0.033156168,0.092692189,-0.019499759,0.037935297,0.079277773,0.009189416,0.113079018,0.129952626,0.115106244,0.046001438,0.06474267,-0.083963466,0.137002782,0.023354293,-0.011700914,0.078269265
MCI,0.104564987,0.202783817,-0.009141264,0.095743614,-0.014999745,0.044015115,0.054372548,0.037505205,0.148089673,0.171125173,0.132213187,0.029819707,0.064218719,-0.031336343,0.12238621,0.047761678,0.007019386,0.034726301
MCI,0.189531767,0.100848306,-0.148295869,0.046733097,-0.091883642,0.014911326,0.035270759,0.02985792,0.178694349,0.135292861,0.166826835,-0.076634901,-0.005444666,-0.110421938,0.151811137,0.029942876,-0.01057941,-0.030292632
MCI,0.0716157,0.191640956,-0.010231493,0.054277977,-0.015861926,0.087977219,0.166665816,0.065613193,0.05776185,0.13782725,0.089356846,0.065785249,0.047857424,-0.108344124,0.159110929,-0.000608491,-0.012548333,0.0305557
MCI,0.08812883,0.17415141,-0.007061037,0.10830719,-0.072031455,0.056400137,0.116120259,0.073991665,0.051867955,0.051930043,0.094452376,0.063625036,0.061662416,-0.095689992,0.111711764,0.048084342,0.0328643,0.031715798
MCI,0.091313503,0.199087373,-0.008282574,0.115924341,-0.063718909,0.052790058,0.10530808,0.05211202,0.029952081,0.072610406,0.103560233,0.032436496,0.009379036,-0.105213951,0.114150339,0.056397865,0.056917717,0.065560709
MCI,0.166809703,0.100804736,-0.081333648,0.062121344,-0.140403099,0.057433182,0.12545988,0.056784315,0.081942168,0.152430189,0.114148896,0.026867016,0.062961223,-0.134538931,0.135056638,0.019526109,0.024051266,-0.118701371
MCI,0.111862412,0.130749657,-0.019613119,0.058181663,-0.145853715,0.063754751,0.129903184,0.105332771,0.13187418,0.138791549,0.118255385,0.033263841,0.033003361,-0.078319847,0.105379521,0.025633837,0.086706885,-0.070320432
MCI,0.199673658,0.103550425,-0.077226625,0.112919316,-0.123824646,0.04193986,0.067767911,0.006268037,0.097888185,0.150884814,0.128358973,0.025193451,0.000838091,-0.122270144,0.120222471,0.019581352,0.037345558,-0.049282557
MCI,0.168810785,0.158336867,-0.075851997,0.052052107,-0.122224632,0.040127371,0.021263394,0.064906632,0.146281358,0.147968949,0.116686818,0.016528549,-0.000711224,-0.066571585,0.134912199,0.080772123,0.015944735,-0.079886682
MCI,0.251455405,0.065747717,-0.112616331,0.085670963,-0.09933913,-0.004939275,0.095174713,-0.055460561,0.122198037,0.201050469,0.143447354,-0.052108981,-0.010790636,-0.096264567,0.072375919,-0.009814112,0.054780607,-0.099771244
MCI,0.189307209,0.060807784,-0.077347042,0.086576064,-0.147988861,0.076845679,0.125464216,0.010758912,0.103675728,0.177233314,0.174166986,0.002281793,0.047232763,-0.068102018,0.084373139,0.054250286,0.000310358,-0.138433544
MCI,0.180742199,0.063339977,-0.074264149,0.032635947,-0.15610779,0.045447427,0.123202268,0.072001377,0.038116693,0.096391102,0.123877786,0.011020726,0.071857368,-0.161931812,0.126456894,0.008382829,0.010528846,-0.080474081
MCI,0.291648378,0.000835549,-0.133736643,0.101773354,-0.143184219,0.047007943,0.108672459,0.058598132,0.047857774,0.246004482,0.216589472,0.029324745,-0.039043089,-0.072664427,0.070030839,0.099320734,-0.012241523,-0.111011503
MCI,0.352247522,0.029141144,-0.140250152,0.044229506,-0.14354106,0.105375884,0.069001884,0.120497295,0.062041516,0.277726812,0.102257475,0.042590445,-0.004955115,0.01070868,0.078895977,0.203610966,-0.046967424,-0.076960936
MCI,0.282894676,0.038766893,-0.165685894,0.026504767,-0.10347389,0.118398199,0.10447032,0.103847261,0.130971276,0.332875029,0.090427722,0.003595985,-0.020402543,-0.089295548,0.065592771,0.089433345,0.048986258,-0.133465476
MCI,0.086241264,0.150553178,-0.000800302,0.079000738,-0.095938955,0.053279278,0.077724713,0.077057509,0.138662177,0.131732008,0.091472459,0.022011207,-0.013482239,-0.097100394,0.096337981,0.050334953,0.071829446,0.011749783
MCI,0.164947532,0.147984585,-0.014131063,0.09119569,-0.148856544,0.105516526,0.098348035,0.10386335,0.067277911,0.164384115,0.148502588,0.0455354,0.065555433,-0.03694283,0.076581461,0.062853348,0.035278761,-0.063968302
MCI,0.092176385,0.170892086,-0.036058037,0.091414887,-0.109840742,0.024431553,0.09549311,0.064734995,0.021916907,0.124085294,0.116800559,0.042418905,0.031919003,-0.107434508,0.103855228,0.032956813,0.065186954,0.038866042
MCI,0.123362237,0.161638547,-0.026906033,0.068748637,-0.097898219,0.062284647,0.04913376,0.074202496,0.00701626,0.149221119,0.128043715,0.033882434,-0.012980647,-0.13069754,0.125949353,0.053023935,0.066383825,-0.021659482
MCI,0.191554226,0.078484241,-0.095909642,0.039381147,-0.144964775,0.062078495,0.116893963,0.046876647,0.061606988,0.11653907,0.107788149,-0.032453069,0.074124927,-0.125157166,0.116815891,0.001060534,0.0825297,-0.04737785
MCI,0.181368208,0.140609779,0.013373735,0.057271406,-0.121252131,0.063746705,0.107383357,0.05493066,0.073632809,0.139330081,0.127380754,0.016853129,0.060885464,-0.020208427,0.108715309,0.04811782,0.05030612,-0.061304138
MCI,0.228110254,0.039548588,-0.134993176,0.109545722,-0.123400605,0.047407389,0.079572466,0.033154582,0.148053064,0.166819712,0.158666357,-0.054779255,-0.016799996,-0.096999769,0.091985218,0.052291768,-0.036996554,-0.129153779
MCI,0.191125643,0.138567553,-0.05443319,0.110179842,-0.052831659,0.028017464,0.119164357,-0.05430048,0.099878251,0.109425175,0.124478311,-0.022069826,0.004138423,-0.121781532,0.073025255,0.034041473,0.036185613,-0.059223517
MCI,0.131936312,0.154808233,-0.098522679,0.093019887,-0.076971733,0.05187786,0.137964254,0.054201171,0.069196396,0.103179721,0.158210681,0.031979748,0.012142182,-0.138070551,0.113686176,0.074811759,0.036489104,-0.042834504
MCI,0.150915222,0.170804342,-0.046410919,0.088075608,-0.122683007,0.070820585,0.106062304,0.082751533,0.026614664,0.095077685,0.116001062,0.007216761,0.047726308,-0.100955547,0.147052374,0.040771075,0.032299526,-0.045590019
MCI,0.197896606,0.105195931,-0.028211924,0.086803096,-0.122578954,0.065428781,0.124972222,0.055375098,0.039367136,0.128851671,0.125015723,0.014084859,0.014504974,-0.129818964,0.130093988,-0.003557259,0.042535159,-0.099995124
MCI,0.202983153,0.061876002,-0.062148573,0.080922581,-0.116608759,0.096549402,0.110703708,0.042832175,0.146786405,0.234727913,0.123638772,0.023822567,0.025330698,-0.066624528,0.071716676,0.062478338,0.044820075,-0.09646661
MCI,0.101512501,0.17382291,-0.052116508,0.108340653,-0.04328237,0.039739946,0.124279329,0.057991741,0.042791706,0.039753924,0.1049998,0.01451326,0.034862218,-0.092897182,0.111473963,0.065498458,0.055649326,0.017432709
MCI,0.162980231,0.084291344,-0.112311441,0.081834437,-0.097931801,0.037268224,0.097332833,-0.00186601,0.066813811,0.096726289,0.110081296,-0.011677043,0.074623641,-0.126693101,0.139296867,0.003545381,0.045315947,-0.024083497
MCI,0.153886094,0.099569351,-0.072423073,0.043597686,-0.09095015,0.027082736,0.090067871,0.029619645,0.036844217,0.07305291,0.132212919,0.004978463,-0.000470345,-0.205514281,0.132143035,0.049643932,0.005360246,-0.026211669
MCI,0.129392234,0.159583241,-0.019912108,0.067843942,-0.111792739,0.025502635,0.043744004,0.070174848,0.023686028,0.071549357,0.130576759,0.023395813,0.013421117,-0.140490077,0.137227375,0.063388307,0.018301992,0.049843991
MCI,0.186480625,0.115043255,-0.073065359,-0.003886321,-0.107433462,0.020607126,0.068340674,0.150929816,0.157898937,0.099301723,0.10865911,-0.003359257,0.020576987,-0.086731667,0.083293337,-0.009225315,0.107555155,-0.06294685
MCI,0.145234382,0.142601136,0.030809431,0.080588357,-0.15404046,0.078153544,0.060924026,0.100201852,0.097015,0.240620323,0.107303424,0.069946963,0.091551786,0.006872183,0.088240796,0.10312062,0.032172604,-0.060947443
MCI,0.197898561,0.07612173,-0.082978314,0.046082984,-0.135991358,0.087184077,0.116099304,0.039177448,0.146888945,0.200800744,0.177294116,0.007477959,0.072895851,-0.070298662,0.048225217,0.069257383,0.024479261,-0.09260535
MCI,0.175629007,0.156350831,-0.070739466,0.145060815,-0.015543498,0.07788972,0.090237205,0.018005975,0.125702812,0.191988171,0.151427651,0.0014223,0.071428156,-0.065934759,0.099108266,0.005875231,-0.041184925,-0.031419113
MCI,0.186700628,0.120361154,-0.048095907,0.101482531,-0.033336965,0.013418941,0.120758764,-0.056401111,0.154122138,0.102277642,0.12771326,-0.074061676,0.003809276,-0.105955404,0.134617061,-0.01985814,-0.006342832,-0.023331348
MCI,0.07451263,0.085081057,-0.042772371,0.11399094,-0.134650583,-0.001694879,0.107707452,0.088591735,-0.018152426,0.099861073,0.137772391,0.003635488,0.016249486,-0.142497861,0.166770818,0.072176043,0.012949954,0.034357223
MCI,0.177221008,0.103266158,-0.015337839,0.035031197,-0.145564985,0.059870122,0.041053569,0.05425222,0.03975811,0.07358221,0.112182652,0.081245794,0.079766556,-0.163664459,0.078515541,0.085317042,0.022967961,-0.035822489
MCI,0.159316553,0.120547769,-0.05734915,0.088204091,-0.084450174,0.046432661,0.111291494,0.06395451,0.08095324,0.135033988,0.151761848,0.036050511,0.072859899,-0.14697926,0.115799491,0.061070357,-0.015431385,-0.06382355
MCI,0.119471817,0.184605495,-0.071205966,0.086585329,-0.039913864,-0.010775398,0.114843194,0.038207499,0.068351721,0.069664202,0.09926413,0.003327172,0.060873911,-0.119424514,0.107173863,0.015968556,0.007703195,0.005453521
MCI,0.14959984,0.123496064,-0.140741809,0.041125407,-0.060236423,-0.019766673,0.166404259,0.053672474,0.045247609,0.047783965,0.105599259,-0.047210048,0.019048275,-0.221425082,0.151522396,0.022289427,-0.002353895,-0.059403324
MCI,0.165932729,0.164192782,-0.010627164,0.08338333,-0.069840715,0.100581331,0.094260985,0.020744473,0.048066185,0.111639453,0.11172595,0.041462457,-0.025344278,-0.115326192,0.171416441,0.011710704,0.007076379,-0.006072872
MCI,0.142942935,0.125016677,-0.016773742,0.076368147,-0.102960831,0.02631611,0.070638167,0.064490006,0.166390232,0.190831245,0.135724611,0.036444319,0.052679168,-0.050390084,0.117291944,0.110452044,0.020013532,-0.067911868
MCI,0.189242477,0.155760254,-0.018944954,0.088295502,-0.015593878,0.088383176,0.161110167,0.122298492,0.022175098,0.077290336,0.130959774,0.031810496,-0.010419824,-0.032799693,0.118947705,0.023831815,0.019268428,0.018319715
MCI,0.26482707,0.105939775,-0.048832966,0.04419145,-0.119540877,0.070388794,0.118808049,0.022640847,0.065030016,0.196123361,0.10353412,0.022012021,0.063430256,-0.0770239,0.139505017,0.052089381,-0.00355937,-0.112964779
MCI,0.097228842,0.231147983,0.032783268,0.111391889,-0.055216961,0.023468182,0.102747966,0.06635032,0.0373394,0.124392024,0.134527646,0.026194686,0.065609485,-0.038904369,0.115778242,0.046729531,0.02972706,0.04585965
MCI,0.112638391,0.12585876,-0.062194047,0.08159118,-0.069732872,0.032608205,0.094653073,0.053257405,0.136060392,0.08146729,0.164571882,0.013788531,0.063389831,-0.074869657,0.140908658,0.028689558,0.030648588,0.011044634
MCI,0.133030935,0.185946412,-0.055495282,0.082436604,-0.066427504,0.023270865,0.163579247,0.068829787,0.042051501,0.08790661,0.073042109,0.021370053,0.090415292,-0.123178761,0.15152657,0.001399688,0.023900061,0.027542358
MCI,0.118045582,0.198109228,0.025131913,0.068391341,-0.074700698,0.038961362,0.070271469,0.072296458,0.147490568,0.089131701,0.111087292,0.000888924,0.079367162,-0.030594916,0.133723501,0.060074716,0.022483253,0.01633979
MCI,0.15652175,0.124507424,-0.052672633,0.091099405,-0.049080813,0.097151592,0.077696152,0.041290835,0.160133694,0.148251357,0.158302269,-0.027290635,0.03058432,-0.037523343,0.138612855,0.038447513,0.017460346,-0.008872248
MCI,0.156708665,0.036822794,-0.098338346,0.003284241,-0.094304209,0.039707513,0.106850847,0.030541733,0.038954027,0.105469742,0.213951045,-0.061058754,0.010857107,-0.249497742,0.191986195,0.081152359,-0.088627422,-0.117701979
MCI,0.159616021,0.10986114,-0.084199039,0.055601484,-0.055575752,0.050413425,0.089317086,0.055678787,0.153935931,0.103,0.190298644,-0.054468493,0.006538413,-0.067987585,0.115714812,0.063443186,0.029915729,0.011021808
MCI,0.1287598,0.204524064,-0.052677038,0.065967144,-0.039254398,0.058232473,0.104041889,0.00052418,0.060257678,0.090524543,0.142254733,-0.005881726,0.055858835,-0.091240267,0.159736733,0.046597238,-0.020827645,0.027798715
MCI,0.087500705,0.194118546,0.027463433,0.094123246,-0.040926327,0.043145154,0.10192864,0.064063305,0.046849189,0.099620438,0.088648151,0.081668335,0.048192034,-0.082795039,0.12898747,0.018289257,0.032070561,0.117093044
MCI,0.085099041,0.202890207,0.015138229,0.082162832,-0.049518224,0.030491026,0.094819279,0.083366961,0.056727461,0.100548887,0.107337783,0.06686987,0.053126747,-0.071218054,0.14086979,0.040647134,0.021671801,0.047353966
MCI,0.1488112,0.150706127,-0.104083352,0.077562578,-0.05487288,-0.023796122,0.146773601,-0.035016285,0.041204569,0.035426399,0.122829937,-0.04579037,0.023431799,-0.148972815,0.140314028,0.034627016,-0.02496679,0.021203914
MCI,0.124996564,0.032612208,-0.02535232,0.025828008,-0.140708556,0.011800837,0.148150674,0.059914352,0.018474239,0.091587708,0.256913201,-0.045955686,0.035392475,-0.229704594,0.198024429,0.069534352,-0.058280437,-0.090330001
MCI,0.182172599,0.051386741,-0.010215551,0.017885137,-0.062730493,0.064989477,0.111608161,0.03686325,0.043021016,0.08491746,0.204832356,-0.003794343,0.019658766,-0.221565232,0.145328689,0.078544705,0.008026657,-0.082698718
MCI,0.213485264,0.066952429,-0.117899899,0.05085245,-0.122695657,0.148674342,0.109503536,0.038650334,0.164517801,0.193856288,0.190619797,-0.046298139,0.018989088,-0.053229467,0.143694732,0.038404708,0.021747453,-0.118125936
MCI,0.067850651,0.145762355,0.064808258,0.060523197,-0.020591512,0.040536693,0.080229749,0.120077893,0.023207412,0.056667732,0.118547165,0.033363375,0.053756047,-0.157012113,0.111220616,0.089727831,0.050572382,0.083058924
MCI,0.122514554,0.116427728,-0.045792044,0.09562268,-0.023857709,0.109127336,0.067838125,0.105669006,0.18394401,0.10139801,0.209352067,-0.034906388,0.064597077,-0.051869203,0.159461248,0.081750644,-0.0040756,0.010817279
MCI,0.143894142,0.099290216,0.01885821,0.080969469,-0.059840685,0.04863039,0.095327249,0.049685203,0.039505285,0.073550932,0.177020079,0.020430035,0.116280522,-0.232718737,0.121417416,0.082532835,-0.028540923,-0.014723603
MCI,0.117943897,-0.028756306,-0.115225944,0.044056081,-0.108464866,0.070280592,0.215895159,0.025821764,0.029888231,0.158965584,0.255628759,-0.079239904,0.006998106,-0.193303058,0.204835756,0.000845666,0.048559165,-0.048250079
MCI,0.224010391,-0.050638642,-0.018037115,0.033610414,-0.14331002,0.049502809,0.093267788,0.09617201,0.072251134,0.162203954,0.189182336,0.029366401,0.023202651,-0.178900758,0.15458071,0.090578062,0.017734252,-0.15885528
MCI,0.228348576,0.095243041,-0.043742406,0.04003119,-0.029979993,-0.020900105,0.065133517,0.024062694,0.052026844,0.077449194,0.166819342,-0.042654998,0.032197072,-0.219144,0.115621781,-0.015080504,-0.013580313,0.002013766
MCI,0.178225504,0.107414971,-0.093973012,0.091752423,-0.071935235,0.037791151,0.138077384,0.015144777,0.128818554,0.111157327,0.116160324,-0.00833156,0.042783095,-0.139649268,0.101282259,0.018174223,0.056901962,-0.054905667
MCI,0.130048679,0.139921804,-0.039082994,0.070601719,-0.092353971,-0.003692829,0.101821034,0.047455192,0.020475806,0.049439398,0.108228038,0.025163557,0.063137388,-0.14477501,0.11664528,0.030339305,0.021307457,0.047869562
MCI,0.105269169,0.082560161,-0.00368092,0.177322432,-0.078775657,0.028136086,0.130287054,0.004895296,0.050847544,0.089218822,0.110463559,0.000997878,0.020665794,-0.117865444,0.1025926,0.025336223,0.075300429,0.022607312
MCI,0.294914997,0.004922034,-0.134170172,0.057421924,-0.109058288,0.089784734,0.113352076,0.126138465,0.055458576,0.272035449,0.097115875,0.031263668,0.032547034,-0.047996841,0.030351572,0.119463297,0.03088314,-0.084917025
MCI,0.204439676,0.061793744,-0.106154513,0.008123237,-0.147016256,0.054389707,0.078233829,0.056939938,0.103860982,0.155895397,0.203792252,-0.036799594,0.063324103,-0.08369683,0.078009982,0.064642965,0.009551055,-0.105149559
MCI,0.201664188,0.153174232,-0.029320724,0.066637861,-0.125448385,0.080765359,0.080107508,0.064253968,0.034095769,0.138386503,0.130785444,-0.008618993,0.038787709,-0.060773899,0.104363201,0.039758922,0.034861734,-0.058568893
MCI,0.143628919,0.131758236,0.052800913,0.081887444,-0.128449385,0.052807268,0.055681992,0.03272708,0.052797955,0.146115902,0.092916456,0.034798269,-0.003728138,-0.122766018,0.118929748,0.09144448,0.022850837,-0.047149081
MCI,0.092054967,0.183820802,-0.044951102,0.061102412,-0.137729367,0.009833698,0.077520915,0.097037177,0.101287603,0.100537896,0.107143754,-0.004568372,0.052802445,-0.12517026,0.125120425,0.060288617,0.027148906,-0.018618828
MCI,0.179053814,0.161343698,-0.085963325,0.039980391,-0.114910233,-0.022152869,0.071838837,0.018811611,0.049447198,0.074182999,0.131732463,-0.021220887,0.023765137,-0.126272273,0.091082414,0.036478305,-0.007059124,-0.028496366
MCI,0.293528977,-0.01537815,-0.119607299,0.037310545,-0.109557598,0.108775909,0.079378241,0.055029069,0.042794856,0.24299978,0.14030085,0.049408929,-0.014580867,-0.083470367,0.057440664,0.088510742,0.003643136,-0.049865121
MCI,0.140482989,0.172302371,-0.020913435,0.063736536,-0.077761637,0.013407324,0.071841815,0.026798902,0.052474496,0.074195144,0.094430723,0.005656546,0.049605472,-0.192194983,0.077730652,0.039864028,0.021391573,0.035495556
MCI,0.143048598,0.124819741,-0.034495848,0.065716771,-0.099993233,0.036790151,0.097956093,0.037751137,0.017595619,0.061270252,0.091084789,-0.008534858,0.037491854,-0.193273042,0.100702232,0.030327524,0.022064132,-0.011438612
MCI,0.138329792,0.16595468,-0.101593338,0.072086957,-0.081170992,0.013620928,0.11574375,0.072604878,0.033801381,0.077465111,0.105279934,-0.01163988,0.033067649,-0.172145787,0.110658453,0.012789107,0.008704979,-0.010725029
MCI,0.122711879,0.171210005,-0.03876136,0.055137902,-0.087362475,0.010688538,0.082013269,0.045284149,0.093010724,0.061402292,0.088813409,0.017672256,-0.008423464,-0.146349937,0.097573164,0.041174865,0.039372297,0.036538893
MCI,0.16677608,0.088390374,-0.118511769,0.048935087,-0.115666448,0.053458662,0.118901537,0.044916929,0.109920897,0.116717212,0.138378536,-0.001278571,0.005637056,-0.129137266,0.10989644,0.017963815,0.012296364,-0.092500663
MCI,0.087108068,0.213663389,0.084500136,0.10305968,-0.0509475,0.087529038,0.106932102,0.08781171,-0.001168559,0.048497873,0.082295396,0.051860219,0.021955547,-0.126641984,0.120085369,0.091501628,0.029489852,0.046146089
MCI,0.157848695,0.050837913,-0.163109212,0.029229479,-0.102781301,0.020403665,0.111327471,0.090584843,0.038444194,0.131054147,0.142135225,-0.023295567,0.002124183,-0.239155823,0.138970917,0.021104227,-0.057909323,-0.082631368
MCI,0.154726935,0.124562211,-0.043683433,0.052980573,-0.076053591,0.052401662,0.116714372,0.052620216,0.023215554,0.068211829,0.136874156,0.00016606,-0.008054277,-0.212892667,0.091909665,0.064171294,0.020560503,-0.022368503
SCD,0.113871892,0.213375189,0.058811466,0.066647229,-0.109917608,0.035138244,0.050243044,0.054729529,0.02515631,0.00748062,0.041640913,0.014094112,-0.011042504,-0.145600391,0.066201811,0.033058157,0.018575264,0.195198156
SCD,0.063321267,0.210376238,0.066594202,0.048676048,-0.154940378,0.036787515,0.097722524,0.029959456,0.024927008,0.036579475,0.070275746,0.046486007,0.016999309,-0.127593652,0.047698351,0.057219118,0.034159079,0.190643995
SCD,0.119302763,0.187832779,0.026422577,0.046691666,-0.148222101,0.074178664,0.088727042,0.047101735,0.036337477,0.063944634,0.096923129,0.04964325,0.000631396,-0.097951861,0.059310591,-0.001633056,0.000875544,0.140113356
SCD,0.064616031,0.211450486,0.084906155,0.067131783,-0.131855102,0.04355736,0.090634059,0.054916308,0.018831522,0.053264114,0.052089549,0.073336369,0.040499792,-0.128680242,0.030216998,0.013960141,0.029090086,0.172787633
SCD,0.119272203,0.181271789,0.024803162,0.064619387,-0.143703923,0.072995258,0.044277945,0.061320912,0.01362807,0.073390455,0.091806588,0.015506891,-0.028831714,-0.120755065,0.057868817,0.048956641,-0.015005944,0.097687833
SCD,0.085543075,0.231944551,0.072963975,0.058040988,-0.09034069,0.036663988,0.082441856,0.014348456,0.033109377,0.022137564,0.049555633,0.091877073,-0.023223311,-0.09414952,0.063956948,0.029565005,0.041105665,0.253519764
SCD,0.087145454,0.193700969,0.129453197,0.07865004,-0.15870806,0.08590323,0.07587253,0.098019134,0.010064407,0.108337208,0.090242182,0.060885759,0.01145429,-0.085021198,0.02739589,0.029636927,0.016698981,0.095643912
SCD,0.107709087,0.236839302,0.064743343,0.046856586,-0.113749911,0.041082346,0.080577798,0.0548,0.00625692,0.019365109,0.060826522,0.002136077,-0.008389662,-0.120431068,0.040477206,0.03386068,0.023555228,0.158632268
SCD,0.047202306,0.258831247,0.095830382,0.052823013,-0.078312142,0.084317925,0.114250791,0.112588232,0.009640883,0.034320136,0.052223772,0.07634738,0.004914506,-0.11723155,0.03649586,0.038618017,0.024414604,0.149356975
SCD,0.05995011,0.208577594,0.100186868,0.060030557,-0.139429414,0.077819847,0.063057129,0.103119136,0.011528997,0.029970004,0.024250226,0.061984156,-0.006897206,-0.108112055,0.081205978,0.042886114,0.044228247,0.153691328
SCD,0.092695456,0.200096399,0.047992953,0.054680406,-0.135598127,0.038342702,0.043845127,0.018049866,0.03024697,0.00803145,0.02513499,0.040947356,-0.007415831,-0.134143322,0.085815213,0.02198798,0.02144648,0.201884658
SCD,0.127075301,0.208906608,0.02917258,0.054743562,-0.113614178,0.030184693,0.049580884,0.044494832,0.023144262,0.0200836,0.088383135,0.001125482,-0.029384957,-0.143941508,0.066182901,0.0000893,-0.006153206,0.140244627
SCD,0.08968119,0.213986077,0.039514213,0.074826075,-0.12320765,0.061088347,0.055640294,0.074827565,0.017607972,0.024757313,0.060254133,0.045370158,0.012593135,-0.123257977,0.068351587,0.030787745,0.038073393,0.164443444
SCD,0.035994343,0.223382382,0.032661344,0.038539875,-0.106643057,0.109558118,0.106981119,0.1006876,0.011730662,0.063576614,0.085979663,0.115405839,0.021923093,-0.158314055,0.020898662,0.012910319,0.019964791,0.136872711
SCD,0.115949349,0.212758089,0.050771355,0.054856868,-0.122888024,0.065113409,0.09146756,0.051299767,0.013973859,0.016706283,0.070327441,0.031940837,0.000359129,-0.115672863,0.059681328,0.014759418,0.005151922,0.127628611
SCD,0.104241242,0.235561464,0.046593553,0.055270469,-0.107587333,0.041906688,0.057476059,0.030457504,0.017608177,0.009063175,0.062204228,0.038022021,-0.004879497,-0.109560307,0.082719944,0.023254534,0.011550053,0.201950758
SCD,0.096398583,0.210878032,0.053056582,0.061703474,-0.109245676,0.03547027,0.059955992,0.073038627,0.012475631,0.007708328,0.034480549,0.000183714,-0.002829482,-0.120216291,0.059428697,0.038961192,0.015210427,0.179533545
SCD,0.062857644,0.23870227,0.092034857,0.066623342,-0.097835903,0.057565529,0.100473444,0.098084993,0.013377043,0.044644951,0.052971587,0.061979239,0.004932746,-0.14497903,0.026508105,0.041872329,0.033455812,0.151919269
SCD,0.106834955,0.20876807,0.051416258,0.045057739,-0.172887723,0.043782413,0.062087006,0.068844521,0.056085681,0.075115537,0.082819342,0.033382126,0.044193884,-0.121654161,0.037509541,0.008309196,-0.011876212,0.107422184
SCD,0.093284616,0.21966821,0.048013048,0.05686732,-0.110431153,0.056712264,0.056485133,0.069527403,0.027284917,0.015630338,0.05267455,0.044995092,-0.022476271,-0.129345916,0.058702064,0.026447082,0.029202652,0.155496677
SCD,0.101874839,0.229695463,0.036303572,0.05346384,-0.083026996,0.071792634,0.062866099,0.091913571,0.013749036,0.003122044,0.04200721,0.024419805,-0.041164307,-0.151445488,0.086210052,0.011068555,0.018347586,0.137923962
SCD,0.063876008,0.208966139,0.138373174,0.071143202,-0.147683343,0.067024004,0.07473064,0.108290213,0.022514424,0.040877278,0.016482849,0.102129068,0.065790021,-0.1015145,0.068168838,0.017740503,0.058788645,0.168468222
SCD,0.076902844,0.245618716,0.111480697,0.064894841,-0.090803365,0.059621875,0.094567502,0.084430616,-0.001199141,0.032872901,0.014806855,0.013037227,0.013149343,-0.117316548,0.05214049,0.037372466,0.010515465,0.157192287
SCD,0.087916093,0.222059167,0.07762339,0.070703831,-0.111006571,0.097494918,0.072864004,0.093927604,0.021893698,0.053718417,0.053890389,0.048163122,-0.003288671,-0.123586044,0.074598948,0.022121517,-0.003791292,0.136635424
SCD,0.07762148,0.221113919,0.067506049,0.046155138,-0.12066594,0.046908439,0.111460793,0.070564707,0.0009889,0.042019884,0.060638771,0.021933613,-0.001582033,-0.128654516,0.051038683,0.0382206,0.022270968,0.151860531
SCD,0.126067542,0.211063627,0.046359492,0.059568261,-0.122031218,0.023939538,0.064489698,0.03684491,0.033827821,0.008947396,0.059101622,0.020106165,-0.016841214,-0.137411312,0.050023136,0.019182038,0.016187398,0.169714868
SCD,0.095273889,0.172532268,0.046329513,0.070444834,-0.157967369,0.025260927,0.076312722,0.016950731,0.008474605,0.016442546,0.091039766,0.035473167,-0.018890876,-0.102218289,0.082441558,0.040684892,0.020531351,0.202
SCD,0.104159588,0.236225088,0.08511791,0.05582897,-0.121114894,0.069055813,0.081442083,0.068238467,0.017140633,0.034250298,0.076144837,0.060082244,0.015866544,-0.11271136,0.040891209,0.039124961,-0.00161921,0.125360202
SCD,0.039077239,0.238081808,0.11920203,0.065476964,-0.119908854,0.091528149,0.056603013,0.096118259,0.014436825,0.040981673,0.047703582,0.078540968,-0.015847756,-0.082106131,0.0881175,0.032400868,0.079672634,0.225322413
SCD,0.097106885,0.243667866,0.073627319,0.062452539,-0.119522051,0.08155559,0.060209982,0.060662919,0.015716607,0.04331578,0.070809124,0.051901196,0.012465852,-0.117591022,0.05703174,0.030634301,0.017252239,0.151167339
SCD,0.08841645,0.221555031,0.100787401,0.07454192,-0.101115213,0.048611845,0.086605312,0.040947181,0.005873904,0.025126261,0.031069435,0.001711885,0.015482914,-0.122248364,0.057606065,0.062261322,0.02867721,0.178143454
SCD,0.095118813,0.247372796,0.070453944,0.068755535,-0.097199958,0.039026046,0.096505946,0.06281746,0.01293843,0.037842839,0.067438386,0.029801571,0.012827344,-0.123056562,0.02431914,0.021128117,0.001479207,0.143554877
SCD,0.103711764,0.221853753,0.040843016,0.058305824,-0.122726646,0.03542597,0.0499,0.047404503,0.02060782,0.022685832,0.075978277,0.018847799,-0.010703686,-0.148532595,0.059701335,0.02281464,0.011972835,0.159091859
SCD,0.089078849,0.211462468,0.081614782,0.062791851,-0.131866933,0.087264851,0.085879036,0.106041253,0.013040109,0.056590226,0.072135948,0.073450708,0.013715572,-0.11998478,0.044307586,0.02047025,0.035779824,0.126243658
SCD,0.12230209,0.216411308,0.091517674,0.063135734,-0.148093629,0.062622567,0.066013064,0.122711848,0.009529332,0.085611814,0.102635936,0.079835213,-0.02279807,-0.043700788,0.063378997,-0.004708589,0.00664744,0.121516381
SCD,0.031732777,0.243673212,0.146425061,0.081452334,-0.108127786,0.116474319,0.083800039,0.16074103,-0.00026902,0.041489893,0.014381013,0.086506475,0.037279053,-0.091350421,0.070876874,0.04576134,0.040963683,0.193065455
SCD,0.124741631,0.173898121,0.023334151,0.077557932,-0.125,0.037174925,0.043573182,0.063179445,0.054940663,0.020718956,0.05735594,0.006675878,-0.000140652,-0.16037963,0.051070621,0.00509323,0.002136153,0.133722448
SCD,0.144185061,0.201775885,0.04224376,0.062069877,-0.149782993,0.044547978,0.03095499,0.041611015,0.025204843,0.08523235,0.108123171,0.039849431,-0.039154034,-0.059794533,0.059500358,0.00510144,-0.000908879,0.117485226
SCD,0.091596447,0.237704188,0.080937972,0.055851049,-0.097849496,0.084324985,0.098188309,0.119263462,0.002015626,0.014325581,0.0306342,0.042306972,0.006333512,-0.126709604,0.06849746,0.029947546,0.010904175,0.137091315
SCD,0.058737907,0.260571651,0.118276453,0.06251773,-0.081319198,0.098267666,0.10448324,0.10844461,0.005789722,0.03781787,0.039989289,0.078161867,0.007217753,-0.097035386,0.041588218,0.05286757,0.017375047,0.162292176
SCD,0.071950609,0.210344549,0.063480945,0.054429588,-0.14876889,0.074712175,0.080815025,0.101352001,0.01183794,0.01771539,0.04582817,0.033814546,0.048550525,-0.11431903,0.069796457,0.04492697,0.003751657,0.169084758
SCD,0.135557861,0.205849036,0.028472589,0.013356746,-0.132045891,0.047275064,0.059746311,0.051996628,0.044064624,0.047431066,0.071395165,0.019365216,0.00219765,-0.105704517,0.061636108,-0.004415386,0.014158751,0.143088931
SCD,0.119865264,0.198466646,0.033998482,0.043864811,-0.096375021,0.032451537,0.070568851,0.024568119,0.026793203,0.051999637,0.077373725,0.024087296,0.006012191,-0.15084956,0.035311331,0.02792475,0.003779201,0.135583858
SCD,0.12707642,0.236785541,0.045350704,0.042401686,-0.102259638,0.066757034,0.077988217,0.033635324,0.021621615,0.014216749,0.071324334,0.03574174,-0.037764069,-0.140476946,0.047048061,0.014595226,0.003818025,0.127851735
SCD,0.092585496,0.206884008,0.064002143,0.063923093,-0.127171339,0.053971311,0.059055851,0.064255631,0.016719605,0.014658809,0.041390712,0.018902138,0.001672697,-0.120610023,0.069239145,0.048437703,0.025179449,0.160860707
SCD,0.073283881,0.209310773,0.06559201,0.067181209,-0.133823059,0.011870641,0.071399914,0.030353994,0.019854942,0.049487641,0.055032927,0.01698853,0.023357673,-0.117838675,0.051766088,0.024265113,0.017470869,0.175231218
SCD,0.105010358,0.240502216,0.067025193,0.03727915,-0.119988741,0.015860126,0.059770726,0.089379258,0.015348352,0.023686162,0.076332176,0.058256884,0.065644229,-0.104843754,0.045069145,0.022299912,0.025833148,0.14666232
SCD,0.118595433,0.207759548,0.047411866,0.060262896,-0.134536827,0.03702528,0.052222176,0.044264037,0.03118635,0.017380354,0.060375637,0.029867837,0.002904589,-0.143148455,0.052774828,0.003861393,0.019511383,0.1570892
SCD,0.114434425,0.226100859,0.072304089,0.034974585,-0.078929539,0.026198092,0.104628262,0.00766711,0.022418799,0.032562698,0.073596268,0.055966031,-0.031390752,-0.097708338,0.043433614,-0.002057147,0.023208282,0.183383585
SCD,0.078245831,0.179224694,0.100312796,0.090203566,-0.150671635,0.049313299,0.076529706,0.100825273,0.0358383,0.107109673,0.079239965,0.062961487,0.030878886,-0.11131232,0.02458653,0.030922063,-0.023988726,0.080152296
SCD,0.099165285,0.226900216,0.055262997,0.056045308,-0.109428315,0.024227232,0.093811711,0.020995149,0.023566766,0.017601671,0.064728521,0.022606438,0.007825401,-0.139361139,0.035955356,0.032424514,0.017816341,0.163448639
SCD,0.072704913,0.202576702,0.048759155,0.104839433,-0.122917725,0.053661198,0.102321335,0.042849132,0.025944554,0.059934829,0.077237563,0.057293606,-0.010141938,-0.149884294,0.030448738,0.005877736,0.004582433,0.134283442
SCD,0.100862746,0.212213679,0.057071988,0.056316875,-0.10354176,0.032245204,0.086516927,0.03421117,0.005564913,0.03213379,0.061066863,0.00751641,0.003827992,-0.143354615,0.040972738,0.018515769,0.002714846,0.130030019
SCD,0.108775469,0.205058887,0.097330108,0.085602579,-0.143655708,0.016365002,0.077008732,0.061182919,0.016142631,0.044446865,0.049981116,0.012002876,0.001118665,-0.094407004,0.055320918,0.036754862,0.006673313,0.117102707
SCD,0.044083937,0.23895963,0.124988781,0.071224491,-0.127553111,0.064544849,0.10095626,0.091576817,0.003992783,0.04409308,0.033070541,0.047930166,0.063190847,-0.108055736,0.042592309,0.05543381,0.014046305,0.160923825
SCD,0.133304756,0.206057925,0.039794879,0.032714234,-0.137577814,0.082085437,0.075917496,0.047203484,0.028194507,0.013043882,0.10309133,0.048313768,-0.011257452,-0.102403513,0.079985191,0.012089703,-0.002845512,0.150967059
SCD,0.123594694,0.174485764,0.005183049,0.082573211,-0.162476673,0.040433562,0.048408414,0.033013873,0.030812881,0.040719193,0.090970896,0.021771826,0.000662324,-0.142893901,0.080647525,0.023102516,-0.020227108,0.096337764
SCD,0.115320844,0.221864883,0.055972776,0.037042895,-0.099837019,0.082327904,0.094516235,0.041195507,0.018688762,0.02873051,0.067990097,0.015777675,-0.037793968,-0.123611918,0.053465046,0.015347201,0.001507627,0.12027552
SCD,0.097900487,0.219154305,0.054091863,0.043125334,-0.124822305,0.030357196,0.080704662,0.036289394,0.023283458,0.014685948,0.056067502,0.033708067,0.036615921,-0.136518974,0.051720755,0.038580543,0.023233308,0.186350072
SCD,0.09876084,0.237308881,0.082901425,0.048623117,-0.094453444,0.039972562,0.082222288,0.050997101,0.018989066,0.055473304,0.074916048,0.040037413,-0.01375469,-0.124711824,0.053507672,0.006217055,0.033144939,0.160460057
SCD,0.116668633,0.182202905,0.043467088,0.050545317,-0.127132374,0.003972574,0.067335534,0.067256565,-0.00241937,0.018208054,0.082585264,-0.000205159,-0.029551907,-0.119632308,0.086125058,0.014850436,0.003658618,0.164662994
SCD,0.040705343,0.22751158,0.114685952,0.054782161,-0.122247615,0.069099906,0.079651979,0.093735752,0.052026492,0.059405463,0.037810275,0.078105461,0.077628411,-0.098760044,0.015573919,0.060644308,0.012881773,0.156016309
SCD,0.172911837,0.165265808,0.087694673,0.042351492,-0.138054282,0.029488983,0.050307297,0.04620189,0.026840102,0.13454574,0.086213034,0.068171178,0.000472848,-0.022436962,0.028812535,0.050015677,-0.013417107,0.124647148
SCD,0.110977655,0.20919999,0.019158118,0.035066399,-0.118186358,0.013830313,0.097369281,0.024910386,0.032144955,0.00563031,0.074686224,0.017163864,0.009369416,-0.156697445,0.047488465,0.037037475,-0.00592517,0.160116284
SCD,0.087832201,0.268190897,0.067425399,0.04309094,-0.061896277,0.070151787,0.114893854,0.051009256,0.010526187,0.02601421,0.065575998,0.035896561,-0.018702192,-0.128203888,0.024820853,0.045419474,0.008170021,0.149350469
SCD,0.127352635,0.16326428,0.011870588,0.066866797,-0.061913208,0.03905303,0.076856239,0.07443258,0.028649728,0.077295727,0.115358847,0.034520032,0.007361997,-0.175949346,0.078177862,0.061673447,0.034359776,0.033339872
SCD,0.27798651,0.029810192,-0.141449885,0.073861375,-0.106161726,0.104291601,0.086417775,0.074233612,0.037704294,0.261638221,0.176055297,0.043803918,0.007732171,-0.052755035,0.025721022,0.114178319,-0.01442569,-0.061163776
SCD,0.16547299,0.153345743,-0.091547532,0.018758107,-0.129983392,0.05159552,0.106068671,0.056453486,0.131796868,0.183115171,0.124209657,-0.028006514,0.026692577,-0.101090882,0.087161858,0.014982699,0.063429703,-0.075130455
SCD,0.122331354,0.166619167,-0.047242126,0.122140514,-0.080040595,0.081225323,0.07372658,0.104631474,0.100189214,0.140127586,0.153393115,0.012152191,0.060527992,-0.095830486,0.089610251,0.074620446,0.025208874,-0.054733516
SCD,0.131274061,0.180088438,-0.026913901,0.064195197,-0.065713848,0.016203232,0.111322101,0.077771642,0.058588923,0.018074918,0.084134383,-0.048073253,0.034270184,-0.08667852,0.104376909,0.050343647,0.047275009,0.0150952
SCD,0.13928479,0.17703281,-0.022056778,0.089825778,-0.093344415,0.046831602,0.101948222,0.028336046,0.030063051,0.062433843,0.12263093,0.001455495,0.015775802,-0.085036229,0.111653321,0.077628629,0.076937942,0.01050855
SCD,0.124455299,0.137986515,0.004813344,0.054460593,-0.140950432,0.107954445,0.092091763,0.099962023,0.042636074,0.132193019,0.131357423,0.02671435,0.018760412,-0.107306882,0.105742496,0.053606773,0.057730648,-0.041297945
SCD,0.101460347,0.175355018,-0.052671541,0.090954677,-0.042605652,0.03632546,0.104358271,0.038958454,0.092845136,0.05641805,0.078049977,-0.005992167,0.044809729,-0.111241203,0.1149985,0.057331387,0.065101722,0.029073633
SCD,0.112377782,0.175875976,-0.040603363,0.097027284,-0.137383126,0.044593219,0.092023032,0.0956626,0.025082619,0.114251563,0.121620206,0.021858715,0.032023401,-0.096046559,0.138607052,0.069137399,0.050503267,-0.035869279
SCD,0.11430087,0.182262374,-0.024546556,0.026811267,-0.076075797,0.031249222,0.068073796,0.066470626,0.064593765,0.116441034,0.11995801,0.031447533,0.014783931,-0.161747101,0.096367747,0.034960669,0.056685759,0.027695184
SCD,0.165273382,0.133350089,-0.071081236,0.052937294,-0.122540583,0.084916071,0.132286884,0.083309694,0.048499622,0.141830169,0.158577755,-0.032301867,0.015568349,-0.066013051,0.113187445,0.031772492,0.079755229,-0.029718099
SCD,0.226127164,0.122552344,-0.079563128,0.035388598,-0.11432568,0.03279597,0.085706163,0.00632094,0.081621314,0.183545108,0.186831086,-0.043565278,0.05257072,-0.051698453,0.071366262,0.047852059,0.018549346,-0.051512229
SCD,0.079413609,0.130104356,-0.055953999,0.051784104,-0.1275392,0.038584902,0.152401573,0.071095016,0.052606929,0.125611523,0.120556076,0.034794533,0.076966782,-0.11246285,0.127297521,0.032974938,0.012416836,0.006845497
SCD,0.103480209,0.162203978,-0.013237321,0.078244622,-0.070467521,0.081786005,0.095001264,0.03980055,0.102800802,0.067423953,0.104921532,0.033712863,0.02862908,-0.091745661,0.130404353,0.043667058,0.062657529,0.04476981
SCD,0.390307752,-0.118055643,-0.06110005,-0.012367878,-0.068221581,-0.007659815,0.165008901,0.115085465,0.079047258,0.2753552,0.036349447,0.134902967,-0.039709659,-0.039525051,0.091320842,0.208207971,-0.003325697,-0.112687876
SCD,0.127911577,0.149911136,-0.040261613,0.034639702,-0.097652868,0.015053577,0.101316272,0.05775575,0.025284428,0.069482429,0.13076466,0.012857747,0.020325117,-0.175764791,0.107951815,0.050468332,0.018785151,0.033753135
NC,0.053746253,0.250585467,0.09881307,0.06897011,-0.110064085,0.06296854,0.084289933,0.114504569,0.022145274,0.041970346,0.049926361,0.075269022,0.044453584,-0.117241786,0.039193389,0.045735378,0.014751374,0.176852238
NC,0.106089938,0.225655499,0.073072053,0.058479199,-0.118094921,0.014458215,0.081786082,0.026718413,0.014057361,0.013128866,0.067817834,0.044794704,-0.020399643,-0.087313923,0.070459416,0.029822622,0.032236703,0.216095033
NC,0.112927391,0.204891946,0.043691128,0.050400707,-0.135929492,0.071226975,0.071559685,0.016898088,0.025516163,0.034154852,0.090695678,0.052577222,0.002999415,-0.085801028,0.070400221,0.009538103,0.006843941,0.164793592
NC,0.069265624,0.211319736,0.100225886,0.086119254,-0.145325062,0.049878081,0.055526004,0.085272158,0.028015511,0.042055174,0.077189606,0.080839345,0.029751479,-0.111145549,0.048519485,0.013913764,0.031038929,0.146415227
NC,0.123778377,0.206470407,0.048238743,0.045394342,-0.167380067,0.067292195,0.059215773,0.060945111,0.015872204,0.131125684,0.13482883,0.061093144,0.055249139,-0.023149763,0.001479643,0.051186525,-0.014524709,0.125660505
NC,0.103475171,0.225614763,0.084855263,0.056546678,-0.138633048,0.082635877,0.103902742,0.066927544,0.01189791,0.073214614,0.095923036,0.048374331,-0.017150866,-0.087613815,0.036043862,0.025004103,0.007194842,0.081932664
NC,0.131241789,0.211970602,0.042132344,0.030982356,-0.128074705,0.011656541,0.071867728,-0.028102358,0.027376618,0.007418291,0.069621053,0.029094861,-0.005937591,-0.123615197,0.069747397,0.016776522,0.00525735,0.197495005
NC,0.070577612,0.21965648,0.088573361,0.056735595,-0.112463735,0.091153783,0.0804,0.074699667,0.019176712,0.039619758,0.04577644,0.043012089,0.014367121,-0.132997896,0.052874755,0.036038962,0.011233861,0.145566008
NC,0.102260768,0.21559597,0.074561542,0.059542189,-0.113905066,0.03911019,0.084341057,0.063117119,0.017005083,0.023775355,0.041245075,0.01539981,0.008532831,-0.147602535,0.057299829,0.044023899,0.015263674,0.168937354
NC,0.105239341,0.213705758,0.028823865,0.040408823,-0.115554551,0.058517863,0.05917587,0.020064944,0.022000408,0.022254956,0.076325299,0.021379016,0.006110708,-0.138286666,0.061722758,0.037267951,-0.0000493,0.148789031
NC,0.099149866,0.216020667,0.0561853,0.048613002,-0.166862182,0.083819023,0.062315096,0.069480398,0.023505296,0.070446031,0.083526931,0.075559624,0.015718665,-0.051203236,0.079672606,0.01148196,0.038676561,0.170716113
NC,0.104252373,0.18382186,0.056303548,0.081093266,-0.175764046,0.100406532,0.023157504,0.051711929,0.039211614,0.076800326,0.114991757,0.085492271,0.011407097,-0.039120589,0.070812995,0.008888247,0.030982368,0.185122331
NC,0.055940396,0.204514172,0.076592828,0.069624918,-0.12883768,0.071792195,0.082902144,0.07565857,0.018171432,0.032362492,0.040060693,0.069303942,0.021201783,-0.113806616,0.064347317,0.042409268,0.055368942,0.190451516
NC,0.068929024,0.221505859,0.083633191,0.042912757,-0.11578924,0.083000915,0.10330805,0.095759179,0.008457563,0.015513665,0.033801287,0.030640801,0.000816368,-0.119267873,0.056038068,0.063498422,0.032671546,0.183696935
NC,0.076397941,0.249364912,0.102153153,0.06189325,-0.095596795,0.058120669,0.109825668,0.077966775,0.01531172,0.031842519,0.064392692,0.063059254,-0.010244304,-0.107832891,0.030792103,0.046536706,0.021609729,0.164139821
NC,0.12060365,0.183299503,0.006427585,0.051886095,-0.127579559,0.041674313,0.098794391,0.07618701,0.022128897,0.003522906,0.0619562,0.01609257,0.003737268,-0.180281715,0.064994829,0.013922184,-0.019662308,0.106019436
NC,0.145298719,0.130484913,0.038052596,0.048660878,-0.113817248,0.013564972,0.003704103,0.111595952,0.068743783,0.066256969,0.011917128,-0.017795881,0.053657104,-0.107639459,0.003005557,0.028338516,0.022807256,0.109365822
NC,0.080903566,0.226276425,0.089415205,0.062120648,-0.13577706,0.074256419,0.059307461,0.080404678,0.006693201,0.056694394,0.055713606,0.073408517,0.012255317,-0.109925754,0.065311789,0.050423961,0.036219036,0.159073222
NC,0.098054316,0.20232116,0.008774789,0.058024286,-0.126913112,0.039604164,0.063780728,0.076674946,0.008430561,0.023423331,0.061520518,0.000882204,-0.020211723,-0.158010881,0.078836647,0.03931796,0.0025797,0.102658786
NC,0.078643439,0.212358826,0.069014877,0.036254518,-0.183899955,0.093912885,0.052548112,0.106561268,0.040290956,0.086571767,0.062582563,0.040389535,0.025212533,-0.09533191,0.055516492,0.008518043,0.001705993,0.105149021
NC,0.100122997,0.233216957,0.131234354,0.057262443,-0.126808847,0.058571836,0.092483495,0.096891225,0.02372306,0.027947587,0.055554838,0.050813243,0.047228926,-0.093613591,0.026717523,0.00623702,0.017196437,0.146842529
NC,0.049320518,0.230376002,0.101112474,0.060831014,-0.090390267,0.070889608,0.090948561,0.120289764,0.005438987,0.028435492,0.036608811,0.059291855,0.011723774,-0.120521375,0.043147172,0.04102427,0.058573795,0.190399233
NC,0.130050782,0.219153562,0.070962954,0.049117498,-0.133759233,0.056115851,0.06709587,0.060870899,0.05951432,0.065304978,0.089547477,0.043516045,0.010893573,-0.110682455,0.013182499,-0.003046744,0.004365281,0.102422725
NC,0.110050788,0.212543099,0.050050783,0.066033743,-0.10159099,-0.008581383,0.071400708,0.060480135,0.004774939,0.019525004,0.086304963,0.003472051,-0.00604217,-0.120066224,0.043473179,0.028153397,0.020728996,0.144728683
NC,0.119976974,0.213735153,0.093101388,0.044113172,-0.118281467,0.033621488,0.0554,0.02645546,0.027691082,0.044550312,0.062091329,0.037355375,0.003342123,-0.111914528,0.05589724,0.003535448,0.036980128,0.14829618
NC,0.066890745,0.211876311,0.091174947,0.068632878,-0.127701559,0.081367374,0.081719192,0.145313648,0.005826503,0.018700837,0.025048557,0.057097974,0.027369236,-0.119277674,0.073135251,0.038966151,0.031878876,0.152570583
NC,0.131597505,0.229258758,0.103735988,0.06819814,-0.096903516,0.033220158,0.077211482,0.067316259,0.017925048,0.05215843,0.097157902,0.08022111,0.010554502,-0.07485008,0.045888195,0.030041789,-0.004847362,0.122542349
NC,0.064320967,0.23785718,0.104917039,0.06869249,-0.116001709,0.049841276,0.073831491,0.086695204,0.002474697,0.049791122,0.065252239,0.049549785,0.040559905,-0.117110466,0.034814436,0.044437111,0.034385197,0.179637919
NC,0.110346514,0.241250197,0.068496862,0.045529894,-0.095657132,0.032080572,0.076342663,0.084344346,0.003321943,0.017374726,0.069972753,0.029910158,0.024291462,-0.127924813,0.027811971,0.020027855,0.006970068,0.133399976
NC,0.090661021,0.223561683,0.040873402,0.046000444,-0.070650314,0.081993298,0.081358016,0.048097735,0.018455374,0.014938896,0.06526282,0.013298279,-0.05035275,-0.140455264,0.057535642,0.046549042,0.019909946,0.142272034
NC,0.123617815,0.238590261,0.058930483,0.060150918,-0.115585021,0.051738678,0.046358003,0.016135905,0.028965483,0.015579617,0.107266709,0.052481786,-0.028784767,-0.083483491,0.061445012,0.023282128,0.023846618,0.188744086
NC,0.0822791,0.229316776,0.048811953,0.029386234,-0.094166357,0.059332707,0.07830427,0.056623117,0.008697438,0.018274407,0.040955241,0.019121164,-0.017550676,-0.138255912,0.056259665,0.041677754,0.028305822,0.186882703
NC,0.094949038,0.228251064,0.071406451,0.0677749,-0.127170601,0.028624842,0.064961963,0.118487849,0.002098155,0.014655585,0.059020021,0.069787467,-0.0000755,-0.07947547,0.077685011,0.0257052,0.032721676,0.186697699
NC,0.071809534,0.241464789,0.093720005,0.040062767,-0.090317337,0.064910096,0.10352886,0.04407989,0.019038619,0.046159794,0.047680259,0.044586285,-0.02375729,-0.135590227,0.039644275,0.061176603,0.037606488,0.177108274
NC,0.091621232,0.228080912,0.055022389,0.066219039,-0.111204492,0.042075009,0.063144844,0.06139013,0.009100498,0.007106445,0.053175079,0.028613664,-0.004196005,-0.135807067,0.050587641,0.039629876,0.044510206,0.166805456
NC,0.079649114,0.226378871,0.058408575,0.044176785,-0.106443903,0.065953883,0.118335861,0.110730676,0.008577407,0.018289541,0.049135902,0.06763204,0.043080495,-0.131337517,0.020367008,0.030703947,0.017136905,0.119086285
NC,0.099639377,0.217489674,0.06515674,0.012383618,-0.13044429,0.112871947,0.090047982,0.044655297,0.025270366,0.02696937,0.063600295,0.05332,0.029063773,-0.117146156,0.049140037,0.035634543,0.028122579,0.156897832
NC,0.079721376,0.211643692,0.101123864,0.045482902,-0.108302728,0.031882739,0.095763288,0.073418522,-0.007344517,0.027246648,0.041708889,0.025759803,0.004654147,-0.10226464,0.049327517,0.059711808,0.044560226,0.171939404
NC,0.075964418,0.257977786,0.09752622,0.059206193,-0.082744324,0.058693814,0.07680999,0.090578336,-0.004340437,0.026032078,0.052795647,0.015308033,-0.018959641,-0.097110903,0.067928319,0.056190974,0.032481954,0.14733606
NC,0.145370523,0.19673599,-0.003885649,0.023214606,-0.089355342,0.043032461,0.112111146,0.001961614,0.011397456,-0.007931049,0.096533657,0.04378666,-0.020118825,-0.11836138,0.037911674,0.032133932,-0.01231553,0.14462907
NC,0.019174323,0.273460324,0.184446776,0.089218473,-0.100791883,0.099318388,0.098898913,0.1303043,-0.003199783,0.059070707,0.049030121,0.094728143,0.0436601,-0.061262515,0.031071785,0.07821084,0.056002698,0.159957678
NC,0.142832166,0.214726503,0.059801761,0.056774218,-0.102973543,0.022050218,0.077102767,0.02363568,0.017011427,0.025933098,0.061987499,-0.023568413,-0.015930722,-0.140334549,0.053573524,0.018567672,0.009931538,0.14485853
NC,0.124333512,0.243953555,0.065807745,0.058449951,-0.105689153,0.039446483,0.082700077,0.036908449,0.010389886,0.009516714,0.075769793,0.050789564,-0.027028712,-0.084276777,0.067432171,0.029177357,-0.001385567,0.15190767
NC,0.104107598,0.18365248,0.058006157,0.048885251,-0.105490242,0.04525539,0.090432243,0.031764247,-0.002113875,0.008626001,0.08612108,0.032218548,-0.012095159,-0.104416308,0.054946054,0.044550102,0.019108282,0.169195259
NC,0.131345181,0.217714614,0.040342049,0.063085109,-0.087441849,0.036079871,0.094984539,0.006020991,0.00543905,-0.004740709,0.092044134,0.030516811,-0.012459407,-0.11810411,0.071842754,0.04106717,-0.006404625,0.179016608
NC,0.095276673,0.219538755,0.050285368,0.053478136,-0.129274315,0.012225211,0.068703299,0.046764977,0.017187348,0.021614658,0.036815953,0.029503152,0.00999797,-0.13115453,0.0684743,0.037500701,0.004730441,0.17895635
NC,0.104228673,0.217592828,0.070452892,0.070978245,-0.156137611,0.070622939,0.063985691,0.123808413,0.006413353,0.021987266,0.068223157,0.037590315,0.039115865,-0.109596469,0.057364482,0.045377642,-0.000908071,0.114000476
NC,0.109953716,0.233693014,0.097923526,0.067433281,-0.125954432,0.016647703,0.070687123,0.064594686,0.029558107,0.043443534,0.071199921,0.048691851,0.028351313,-0.097037745,0.039774384,0.025090615,0.010097124,0.145036314
NC,0.08969961,0.207039809,0.043253292,0.039747486,-0.157206049,0.038104875,0.060665374,0.030504726,0.037879225,0.030620811,0.068376109,0.035372898,0.021013367,-0.129502678,0.066098297,0.035988691,0.010202623,0.167447471
NC,0.074364632,0.216706125,0.094456837,0.076854414,-0.129157224,0.053295493,0.079024226,0.093834254,0.010316398,0.062966229,0.043576131,0.040934566,0.030649315,-0.117967442,0.048300922,0.029722006,0.012796333,0.15450493
NC,0.093529209,0.23563683,0.1229587,0.055522118,-0.128615222,0.020892083,0.081657188,0.088560588,-0.001037089,0.048666014,0.068331396,0.011284687,0.012049153,-0.106933982,0.042524219,0.051677407,0.028108404,0.122206394
NC,0.088092831,0.242031589,0.085912331,0.054329568,-0.092699659,0.065872981,0.082949808,0.071379142,-0.002060509,0.016478722,0.039499276,0.027746892,0.001315486,-0.10358119,0.050436584,0.049621822,0.049388255,0.150573144
NC,0.084060631,0.230084212,0.066399373,0.03843995,-0.09018219,0.057911429,0.082375901,0.089104979,0.022095621,0.01344872,0.058530993,0.072439479,0.004933538,-0.126404134,0.030082139,0.028199736,0.044916097,0.178477109
NC,0.045469266,0.264568295,0.155561839,0.064691895,-0.079169107,0.076632366,0.084350416,0.110393056,0.002852236,0.040537293,0.027847208,0.063985948,0.049720695,-0.081848774,0.033570469,0.046564115,0.047055557,0.179155408
NC,0.049387093,0.278890019,0.132099252,0.058303671,-0.097684684,0.069139854,0.065984152,0.110143789,0.017336589,0.047688218,0.049341591,0.112805935,0.010046776,-0.083665739,0.046152943,0.041174493,0.067612762,0.199828486
NC,0.105274709,0.218632333,0.082901626,0.06434164,-0.093516848,0.07978868,0.075618183,0.076334625,0.009832372,0.01144358,0.033836349,0.01860748,-0.016096312,-0.139717167,0.053095221,0.030172804,0.028290988,0.141493994
NC,0.131731052,0.085996365,0.037976016,0.051125121,-0.138499498,0.027277448,0.110342247,0.05116781,-0.012099705,0.079371909,0.157928823,-0.002299168,0.023462175,-0.119657788,0.117565327,0.070301185,0.085442105,0.025320653
NC,0.175779341,0.123805738,-0.051154305,0.12029065,-0.131755601,0.064679165,0.105499765,0.005852971,0.06383587,0.103873055,0.186455289,-0.023238762,0.007790704,-0.078739071,0.092780762,0.066309258,0.007068815,-0.093404992
NC,0.138249507,0.134865242,-0.032551645,0.07345271,-0.091855175,0.057640084,0.087349783,0.094084818,0.022482253,0.034010966,0.112036209,0.006461892,0.000368125,-0.190570631,0.121686832,0.093050949,0.026357024,0.019787722
NC,0.100843874,0.188615441,0.040707343,0.046103347,-0.088540516,0.078380124,0.100832015,0.086445058,0.014113537,0.054368444,0.073535631,0.061910298,0.026649981,-0.143758491,0.094260701,0.084399666,0.036870399,0.032689047
NC,0.088586667,0.175234439,0.028141854,0.081295751,-0.085307697,0.038122729,0.087100768,0.084101652,0.018900768,0.037892995,0.077714008,0.019402508,0.002746204,-0.130044902,0.115703316,0.070817815,0.060398819,0.06451998
NC,0.0983502,0.153289539,0.03549122,0.069403605,-0.110126027,0.106808398,0.072412299,0.087157393,0.027355129,0.117992631,0.080926115,0.078033949,0.052371873,-0.147575797,0.101386353,0.057551244,0.037077639,0.040767596
NC,0.093106506,0.124320433,-0.016625595,0.099611573,-0.124842464,0.006314203,0.080724686,0.092881134,0.030137109,0.042090122,0.064567258,0.043796085,0.054778346,-0.146148175,0.112206885,0.053108282,0.083304814,0.038123644
NC,0.132576093,0.167554251,0.081763718,0.072855892,-0.108588563,0.086667999,0.072622172,0.109776371,0.035944782,0.068821228,0.065789195,0.04578747,0.046762943,-0.105047052,0.101304942,0.067384541,0.09146596,0.007215543
NC,0.138206788,0.205047177,0.038334201,0.077660766,-0.102525117,0.04417395,0.087965569,0.048597946,0.045204873,0.111584789,0.112755973,0.046175384,0.035869005,-0.04351928,0.100595778,0.091132439,0.075673016,-0.017697246
NC,0.156525809,0.111892927,-0.021584587,0.029626512,-0.132353617,0.061531488,0.090579428,0.037062887,0.05428441,0.087455023,0.111814642,0.056765171,0.055333473,-0.17522693,0.107557382,0.045109238,0.054798832,-0.020595767
NC,0.097029996,0.123481211,-0.085897559,0.071778742,-0.126379991,0.075407994,0.104806509,0.073746098,0.079933675,0.1378646,0.12386468,0.012899116,0.077435149,-0.114058669,0.123109261,0.038380593,0.054782465,-0.064074439
NC,0.27082739,0.110741435,-0.121715112,0.031488262,-0.093699522,0.048947569,0.0992668,0.042945162,0.088314214,0.136137818,0.151307616,-0.014703754,0.050854426,-0.074241334,0.04686093,0.049617332,0.042008844,-0.037698005
NC,0.086349161,0.161298297,-0.04909327,0.008393961,-0.10643215,0.03436591,0.124698179,0.088667006,0.114817069,0.083829247,0.05483841,0.002813595,0.069659257,-0.149486136,0.113461213,0.056878667,0.023301482,-0.057878763
NC,0.12328257,0.176051177,-0.009111908,0.100131426,-0.065113582,0.031111349,0.101276341,0.071108775,0.059933912,0.130621671,0.065368822,0.028969591,0.02284594,-0.107362248,0.113963148,0.007057075,0.056872461,-0.012021284
NC,0.129973388,0.157631574,-0.023100511,0.066261511,-0.125236379,-0.000374118,0.108916537,0.0387136,0.044359916,0.081668937,0.111824209,0.023235544,0.041789567,-0.125351637,0.09938893,0.032446445,0.063554277,0.051159657
NC,0.128204551,0.202927424,-0.007740924,0.068282731,-0.089954959,0.0349082,0.099409681,0.022040028,0.053045798,0.049097868,0.063956057,0.015621915,0.031188851,-0.141898331,0.118136151,0.048279619,0.062471671,0.051520155
NC,0.16759,0.121017524,-0.08278774,0.098826093,-0.161109345,0.090684999,0.081592372,0.080871415,0.06239597,0.10711122,0.148786203,0.012031687,0.052364193,-0.080185842,0.133010253,0.048745492,0.04100818,-0.0805394
NC,0.263683158,0.067775298,-0.04295049,0.068732228,-0.103175158,0.137073155,0.047327632,0.114625956,0.03415928,0.357624263,0.120720602,0.10353536,0.022000438,0.052098472,0.059734521,0.153559012,-0.015837219,-0.026831056
NC,0.108932175,0.209211096,-0.020359391,0.086771123,-0.095468292,0.067976965,0.072505498,0.057888286,0.036238738,0.056519501,0.08431294,0.031249466,0.004520788,-0.097109557,0.117421958,0.056372399,0.097073538,0.06901534
NC,5.22E-02,1.94E-01,5.37E-03,9.24E-02,-4.73E-02,8.24E-02,1.28E-01,1.17E-01,3.56E-02,5.87E-02,4.74E-02,6.30E-02,7.75E-03,-1.15E-01,9.27E-02,6.62E-02,6.72E-02,5.56E-02
NC,0.131452137,0.150801426,-0.085294383,0.079005829,-0.117549638,0.043521167,0.090002355,0.042942756,0.045763813,0.070047935,0.11646453,0.021619592,0.001528194,-0.125585932,0.129812906,0.036552398,0.08269334,-0.014041016
NC,0.211116438,0.127967396,0.002543411,0.05658535,-0.134985973,0.123254697,0.069807289,0.08875565,0.022228662,0.238644027,0.165070188,0.074881519,0.001949072,-0.038687443,0.067568233,0.090359682,0.049015565,-0.026630063
NC,0.09383569,0.202372868,-0.025453711,0.0858823,-0.114784536,0.041918285,0.052388646,0.069771707,0.053419995,0.072072431,0.10001491,0.042575216,0.055646324,-0.095844527,0.120128453,0.068755215,0.027602547,0.021085549
NC,0.120141496,0.165476956,-0.061902614,0.071854289,-0.079950678,0.033937861,0.054025953,0.035169677,0.069603801,0.144163857,0.147852529,0.047401313,0.017936094,-0.171794054,0.084053024,0.073833862,0.015920681,-0.027640982
NC,0.098655606,0.156067652,-0.012948305,0.065232381,-0.075549157,0.045686225,0.121010214,0.045251799,0.048917464,0.046100331,0.060831693,0.010083515,-0.015647701,-0.114640255,0.105111929,0.083529575,0.060294947,0.077530694
NC,0.127885612,0.15303266,-0.074758267,0.060625482,-0.0707492,0.005020515,0.106537211,0.026152165,0.102891721,0.041879747,0.117017052,-0.022749663,0.056526066,-0.160327171,0.058189508,0.085592584,0.004200616,0.000585295
NC,0.131133801,0.150828478,-0.032489829,0.070847847,-0.093682421,0.041259558,0.124208459,0.023935295,0.064476465,0.046556143,0.078088755,-0.008299475,-0.012343228,-0.129253829,0.094053276,0.089280935,0.06612142,0.048919794
NC,0.121218416,0.15585498,-0.08075177,0.110312167,-0.092084752,0.000388366,0.083567386,0.047059981,0.090321156,0.146180598,0.13952456,0.024731525,0.050528246,-0.126916155,0.100885087,0.021759013,0.072286208,0.017991519
NC,0.093004467,0.208734138,0.007953915,0.090200369,-0.100404463,0.046320117,0.08121476,0.071553498,0.046848126,0.112768339,0.085746917,0.055367646,0.029863792,-0.103051228,0.109988217,0.064017389,0.044360393,0.029164109
NC,0.127412176,0.183699711,-0.055621053,0.102911634,-0.119048848,0.012675362,0.076105992,0.067964115,0.04723254,0.041367982,0.055444045,-0.016549875,0.041989106,-0.138698997,0.136215824,0.038557144,0.050838132,0.045784668
NC,0.066190947,0.195143352,0.016443011,0.09397515,-0.102889679,0.04843751,0.088088601,0.078085885,0.02607933,0.05099264,0.034439653,0.030079274,0.081218722,-0.114435117,0.103253701,0.089456705,0.086093992,0.051692056
NC,0.116390351,0.108813412,-0.126493112,0.139985139,-0.090886862,0.021699498,0.117499771,0.058732737,0.095220021,0.052555094,0.123757392,0.009420245,0.044165787,-0.151735966,0.136169845,0.056229532,-0.007589638,-0.019535262
NC,0.322652171,0.061964356,-0.115203654,0.05434457,-0.095118772,0.075116682,0.079826984,0.067732114,0.069765321,0.246614609,0.141025814,-0.004032825,0.039041754,-0.004797472,0.023320566,0.081211502,0.029059418,0.005565485
NC,0.098397957,0.197843809,0.017451593,0.073026022,-0.084003893,0.038239726,0.113488199,0.0844,0.037292039,0.06742966,0.076645825,0.047539649,0.048250861,-0.095285988,0.101355302,0.053817154,0.050322366,0.01337472
NC,0.091637621,0.185867077,-0.022386707,0.051650067,-0.089595447,0.069955812,0.10107694,0.072567387,0.048246342,0.042480276,0.067809838,0.043756834,0.042599302,-0.088221617,0.099262633,0.067003937,0.113796754,0.055609694
NC,0.04775762,0.219234071,0.052486657,0.12455604,-0.058025924,0.062582363,0.102196422,0.15038008,0.100675289,0.079754661,0.06412427,0.070594203,0.062969298,-0.071126126,0.099622265,0.072087426,0.056031761,0.0138
NC,0.11019255,0.162641108,-0.07740157,0.127077765,-0.09203501,0.025779201,0.071608937,0.113597898,0.087186577,0.075993231,0.104243283,-0.001227813,0.037227519,-0.111659836,0.120207256,0.048178436,0.022937257,0.024600652
NC,0.142566482,0.197020954,-0.038971913,0.083572044,-0.059848067,0.019155254,0.096418225,0.079028839,0.026359117,0.079877277,0.166520541,0.050615215,-0.00593739,-0.09746574,0.058462389,0.061813093,0.016121579,0.039901038
NC,0.171435339,0.106768969,-0.107385816,0.116993279,-0.095874243,0.080882044,0.083784345,0.061369621,0.109956058,0.124061176,0.135076177,0.009664786,0.070837302,-0.089755292,0.095118537,0.05015414,0.046140741,-0.047275085
NC,0.166712556,0.082249376,-0.069446965,0.087498007,-0.069890998,0.031072794,0.148886718,0.068004617,0.071655256,0.047735999,0.141249841,-0.029599695,0.01262264,-0.125307215,0.157352097,0.031899274,-0.005522091,-0.024471875
NC,0.150488539,0.214856265,-0.049620693,0.047511788,-0.032814244,0.009956293,0.079180488,-0.011025113,0.112044827,0.094047176,0.094794295,0.001691307,0.016422436,-0.108172353,0.148752495,0.012023856,0.034964856,0.075575667
NC,0.172613093,0.115958734,-0.034105446,0.087863386,-0.085560601,-0.010878915,0.047036495,0.036581626,0.050096145,0.127541061,0.114532639,0.023566499,0.041398522,-0.14563271,0.18401537,0.017252374,0.011557985,0.019390873
NC,0.153691471,0.186067445,0.031904141,0.057898676,-0.032710273,-0.002977793,0.061601655,0.018650006,0.034444153,0.073944423,0.131702676,0.037713438,0.062200519,-0.125569112,0.162771446,0.014661819,0.010971102,0.082016608
NC,0.130827638,0.15576081,-0.087334955,0.068714386,-0.015629453,-0.011982869,0.057844336,0.055369008,0.130557497,0.076602756,0.127169807,-0.002526778,0.027021772,-0.095611209,0.139949006,-0.017765545,0.028622842,0.035535968
NC,0.137335118,0.21099656,-0.015648618,0.059911598,-0.024120118,-0.001150509,0.057960273,-0.014266549,0.089774384,0.079288713,0.089465336,0.047055912,0.015285648,-0.073444332,0.140747793,-0.00910133,0.068335744,0.109960781
NC,0.164724069,0.137494013,-0.000719093,0.073496827,-0.056266108,0.006418761,0.038668011,-0.013667024,0.060591019,0.117874372,0.120479949,0.011974505,0.07322063,-0.187233985,0.154974462,0.035300997,0.006134842,0.033019134
NC,0.122181201,0.162938332,-0.119494753,0.080723577,-0.095138269,0.025331153,0.144644232,-0.002705137,0.024428443,0.097918951,0.190030548,-0.023963708,0.02868409,-0.140391691,0.206796557,0.072930212,-0.078536905,-0.045058686
NC,0.180605232,0.089008506,-0.016075679,0.086332755,-0.109674064,0.06931319,0.044395408,0.04254067,0.036342438,0.165863693,0.208529584,0.046724402,0.032491429,-0.142273105,0.148337417,0.133628424,-0.094952216,-0.079296934
NC,0.138912106,0.181730092,0.025029668,0.045561806,-0.035339631,0.036917779,0.073110415,0.069822585,0.00867925,0.074587011,0.10983866,0.032772299,0.011825457,-0.149397999,0.149160308,0.018106765,0.038505279,0.066355327
NC,0.105042315,0.218306781,0.015673855,0.074904436,-0.028677358,0.024210483,0.096394764,0.040444762,0.12144872,0.115213231,0.097963166,0.048178932,0.043405482,-0.061774433,0.132580645,0.024697723,0.047716591,0.075532994
NC,0.126615916,0.155703467,-0.025715891,0.028051704,-0.023412266,0.047731472,0.106369874,0.047040628,0.159797317,0.081226247,0.133114212,0.008979546,0.025472788,-0.061167381,0.136628483,0.017016908,0.064618625,0.057187227
NC,0.076493017,0.119537904,-0.086977619,0.08989293,-0.093444865,0.013350815,0.165415439,0.074181001,0.001441354,0.074847286,0.143841295,-0.020474824,0.052431703,-0.157772525,0.228021393,0.053085099,-0.045182396,0.016169714
NC,0.16761881,0.194905079,-0.032814881,0.049610726,-0.060847072,0.049105986,0.071567079,-0.021908147,0.063209667,0.128242283,0.1307149,0.012541197,0.030690448,-0.065480155,0.134892986,0.022874234,0.007880985,0.014515646
NC,0.136589438,0.158748605,-0.039212716,0.072245151,-0.061452083,0.051383391,0.114211034,0.04340549,0.100716405,0.07510795,0.094144085,0.03758103,0.128665277,-0.086945175,0.150605309,0.030963227,0.010800146,0.016525356
NC,0.12492147,0.172021045,-0.066566163,0.06471762,-0.034014061,0.02477407,0.086703209,0.039856427,0.099822306,0.060918632,0.13829437,0.039528706,0.017614629,-0.096456613,0.135928891,-0.001273001,-0.046060087,0.077547038
NC,0.179033483,0.130217718,-0.09936174,0.055169719,-0.073156005,-0.034246381,0.068179785,0.02071741,0.131197933,0.110358702,0.108009388,-0.014743545,0.01947143,-0.04080155,0.149980304,0.018251733,0.030379997,0.046157675
NC,0.111518619,0.180377539,-0.04688741,0.052736228,-0.062813195,-0.007723374,0.100303771,0.00218177,0.072048014,0.038360897,0.056258209,-0.011860033,0.050640737,-0.108640009,0.154450682,0.016186337,0.013389927,0.12445775
NC,0.178019797,0.160742391,-0.045352165,0.03333429,-0.039463962,0.01892703,0.089451495,0.047021268,0.11460427,0.068870663,0.115722147,0.00371099,-0.002186951,-0.096358933,0.090937462,0.030177769,-0.002530343,0.044985236
NC,0.125259852,0.225593961,-0.032015751,0.055964631,-0.035543284,0.000367219,0.089833719,-0.020553491,0.059123452,0.084636817,0.100817488,0.022541779,0.030939292,-0.08926503,0.137179098,0.015081031,0.025339444,0.133184064
NC,0.112406772,0.156499987,0.003735059,0.084664457,-0.123347713,0.101729719,0.143286195,0.094552413,0.081912658,0.085643476,0.090841148,0.054380317,0.064335483,-0.081839886,0.09510816,0.046584081,0.078006385,-0.013141649
NC,0.096905003,0.199786547,0.049256766,0.087271442,-0.070289404,0.047703721,0.084158609,0.079084309,0.008591736,0.067148149,0.051884692,0.034801602,0.033909606,-0.129394178,0.113405839,0.08188705,0.047281177,0.075687027
NC,0.147443923,0.152328398,0.007501921,0.064284004,-0.116422564,0.08007377,0.110645391,0.081828873,0.028836782,0.088215082,0.112630189,0.057863849,0.069035746,-0.132766031,0.076045366,0.04410088,0.045244659,-0.000923071
NC,0.10441447,0.151549512,-0.047528052,0.087367947,-0.092857444,0.044182653,0.10782577,0.058204595,0.024640041,0.072740054,0.105162239,0.04409841,0.005188704,-0.119211378,0.0972673,0.06833178,0.059655139,-0.011162128
NC,0.154479203,0.164973628,-0.032019052,0.092015685,-0.116854044,0.106415726,0.103969604,0.054803788,0.065979599,0.062973663,0.107318409,0.036595938,0.089253139,-0.104062079,0.104616329,0.053894512,0.050398857,-0.044382101
NC,0.077295298,0.164817395,0.030898728,0.083873429,-0.125493335,0.047641402,0.111583104,0.084737777,0.086172578,0.105807693,0.047113935,0.041968435,0.041485635,-0.078782816,0.119935198,0.058311659,0.05266756,-0.024757434
NC,0.142583088,0.167151787,-0.0375,0.086057878,-0.116203103,0.059725494,0.092185299,0.080461171,0.046858782,0.124166295,0.117484339,0.022720492,0.080651506,-0.086789183,0.113182972,0.027378536,0.07022093,-0.023006831
NC,0.108665448,0.165820832,-0.006092052,0.027945034,-0.054175279,0.047335941,0.113801185,0.033549566,0.156977263,0.137729925,0.134279367,0.030639537,0.056354462,-0.063040484,0.11819316,0.024819942,0.07881584,0.050954878
NC,0.074342405,0.140107583,-0.017400464,0.109462572,-0.102464976,0.074431676,0.123838359,0.100552381,0.026171178,0.071592984,0.058565313,0.033462966,0.024131125,-0.184017424,0.148759898,0.092325728,0.033653222,0.044166727
NC,0.073828319,0.131704152,-0.056162551,0.108377081,-0.099256587,0.060204544,0.1106184,0.100499488,0.031149798,0.068728222,0.067783285,0.02952818,0.023301032,-0.125870854,0.176098246,0.078509352,-0.007432668,0.016005275
NC,0.157750841,0.133487812,0.018460755,0.103211145,-0.096360389,0.016707459,0.092086486,0.04534265,0.017182427,0.082816646,0.11693793,0.024109264,0.023919902,-0.064574563,0.111556579,0.042524511,0.076786907,0.062599148
NC,0.117537971,0.151447141,-0.088920604,0.045241875,-0.12268629,0.043007625,0.126507009,0.050756839,0.125446846,0.086787375,0.123667764,0.009557574,0.078032367,-0.138018045,0.093628403,0.057598944,0.019069167,-0.043724371
NC,0.166457375,0.043333658,-0.052038428,0.136162033,-0.091334643,0.003955794,0.123747471,0.048106758,0.047293513,0.040219505,0.154852969,-0.007196941,0.027318759,-0.218613186,0.089029215,0.035022915,0.024766877,-0.051227952
NC,0.14477949,0.125668649,-0.077686679,0.107601784,-0.083550924,-0.007502924,0.134168295,0.013595528,0.037378878,0.033343065,0.125649566,-0.023854578,-0.009433985,-0.135248004,0.111235285,0.060715173,0.012820454,-0.000449281
NC,0.143446031,0.138781353,-0.034326316,0.06602172,-0.166911394,0.041277065,0.076391497,0.092467419,0.059433034,0.101967003,0.128123885,0.063119729,0.062163308,-0.102916893,0.130414871,0.019224945,0.078285593,-0.006867623
NC,0.105369605,0.16246578,-0.013869666,0.073737527,-0.104383909,0.070449859,0.137377922,0.053563526,0.055813618,0.120836214,0.083651445,0.043500131,0.02896836,-0.135515267,0.112955238,0.039286503,0.040538637,-0.055805777
NC,0.122331864,0.104165046,-0.05933457,0.090757683,-0.1519479,0.049078711,0.111309402,0.14440618,0.09734803,0.033121858,0.129687107,0.049427828,0.056512754,-0.118254038,0.116573157,0.036339694,0.078898947,-0.002852616
NC,0.170153785,0.075853622,-0.035491564,0.081463609,-0.190281359,0.119086086,0.0708826,0.085424459,0.118347348,0.183519673,0.175515625,0.069846867,0.058231152,-0.049874675,0.107172638,0.075953822,0.051135744,-0.090382884
NC,0.142804949,0.201330364,-0.036613481,0.084836808,-0.0669381,0.009804942,0.077238571,0.085346141,0.092253419,0.050107566,0.077961881,0.003960733,0.03365774,-0.113117224,0.092961656,0.015325701,0.066552683,0.017501267
NC,0.168566957,0.140791546,-0.06489544,0.067285462,-0.121588352,0.028762602,0.099679979,0.047254817,0.118798264,0.096306866,0.088690522,-0.019865295,0.009416299,-0.096542723,0.124547006,0.019699625,0.040418854,-0.021645375
NC,0.003539828,0.059399706,-0.110776746,0.085896223,-0.148056237,0.021984436,0.182484954,0.15,-0.058311156,0.071874727,0.139346852,-0.044160301,0.052507537,-0.187313536,0.209743998,0.093547942,-0.083614685,-0.025899048
NC,0.163084092,0.101334893,-0.080756921,0.074493083,-0.057188964,0.01667517,0.117337587,0.045419471,0.177943102,0.148615142,0.188318469,-0.029925715,0.077382569,-0.070623382,0.084332971,0.013932302,0.043223016,-0.040770832
NC,0.267272156,0.050125583,-0.072211788,0.005430724,-0.112447489,0.081267141,0.084498772,0.063461308,0.062407636,0.243850879,0.136405799,-0.008164166,0.015781957,-0.156076897,0.076357204,0.071476545,-0.058578467,-0.159482117
NC,0.245929473,0.025278185,-0.163518137,0.0106407,-0.117149064,0.080826339,0.126510042,0.130266235,0.119708889,0.306446099,0.133246892,0.038404404,0.025477672,-0.077109012,0.060384468,0.120036509,-0.015797277,-0.167227768
NC,0.124993873,0.132496086,0.005104643,0.046852989,-0.122266258,0.080687718,0.079013738,0.09913123,0.020893882,0.112578798,0.109919578,0.04667907,0.076900982,-0.187321405,0.12208269,0.066321415,0.047344787,-0.022632099
NC,0.137061286,0.155022131,-0.0119944,0.055639431,-0.045288571,0.023622025,0.089058773,0.121098149,0.045568304,0.101792745,0.140738545,0.061473135,0.01857459,-0.175604527,0.060756357,0.014977791,0.032752704,-0.034954803
NC,0.051865748,0.188701758,-0.048662028,0.030825697,-0.049228134,0.024472038,0.147068428,0.096034279,0.120615367,0.068060319,0.081432424,0.00020356,0.041451988,-0.145618285,0.096274515,0.06424242,0.057365537,0.038050335
NC,0.182880967,0.090254792,-0.102278759,0.104754726,-0.142516413,0.056090503,0.112607839,0.024657641,0.061576872,0.113430878,0.142575896,0.004080471,0.066102244,-0.142408847,0.128543786,0.047670746,0.044521374,-0.118189106
NC,0.175246488,0.082678267,-0.100986715,0.098078448,-0.116979591,0.035341178,0.132399383,0.030856478,0.046598218,0.150980368,0.182877217,-0.023794355,0.044192146,-0.103369623,0.094123068,0.037101902,0.019906299,-0.066388834
NC,0.134435479,0.216667489,-0.021513712,0.052760551,-0.03916055,0.02608531,0.117185265,-0.01435684,0.025180614,0.033026182,0.110532918,-0.000531438,-0.009885399,-0.126935919,0.069638253,0.066424937,0.025775425,0.062187146
NC,0.156069197,0.111558578,-0.076008188,0.057400508,-0.152375725,0.11658826,0.067856529,0.118954532,0.141677843,0.250360766,0.143622294,0.029747582,0.028175839,-0.09148516,0.095136081,0.073790444,0.01058671,-0.111102048
NC,0.124806611,0.168809548,-0.049631811,0.069481365,-0.095202532,0.036392217,0.094602129,-0.0030834,0.063160764,0.064765379,0.089842494,0.003185224,-0.00355897,-0.139753971,0.1190071,0.012385076,0.060922321,0.043557368
NC,0.119106238,0.172094098,0.00330212,0.092062082,-0.088348566,0.031241009,0.095262979,0.083099498,0.00645731,0.053933123,0.105106248,0.019452598,0.044095843,-0.139550609,0.086431966,0.091064689,0.068553736,0.031911354
NC,0.112514841,0.127755804,0.007194905,0.064318819,-0.104737199,0.048959961,0.096229963,0.077214083,0.048603711,0.094329018,0.068579038,0.063383453,0.044688071,-0.16516964,0.100355645,0.038529929,0.075388852,0.030608525
NC,0.197483505,0.091541566,-0.025669619,0.026093232,-0.165461068,0.133032815,0.06229754,0.04024491,0.034168106,0.207362615,0.135663771,0.065402136,0.073655782,-0.13541333,0.100149226,0.091580641,0.003757249,-0.084165032
NC,0.060600613,0.175362546,-0.020058454,0.071501244,-0.08971991,0.020031303,0.100179944,0.085381827,0.014454369,0.055333842,0.071146717,0.044289514,0.025693402,-0.128272602,0.104677783,0.05679027,0.073540263,0.078497221
NC,0.136008586,0.140454498,-0.030968028,0.048015044,-0.12367901,0.041840818,0.103317637,0.076716187,0.05305267,0.064300833,0.064160968,0.026775602,0.031451788,-0.125166822,0.116631451,0.027209815,0.11073348,-0.024666467
NC,0.132056663,0.173708666,-0.052886541,0.053100764,-0.096328976,0.028394632,0.123081284,0.074637313,0.043925164,0.073521293,0.09519243,0.008220806,0.0631,-0.120241925,0.115996393,0.052575997,0.045089256,-0.017254218
NC,0.19338571,0.183172366,-0.028701265,0.100732641,-0.051253625,0.07372804,0.065830939,0.011532338,0.031994082,0.140702457,0.128676642,0.04902658,0.002596409,-0.050571953,0.111199505,0.037467629,0.015219048,-0.011765108
NC,0.165572347,0.145578197,-0.034251594,0.111046318,-0.085353211,0.058681433,0.103042592,0.03184231,0.084436684,0.21107587,0.139571073,0.035594037,0.040490965,-0.082720673,0.076449716,0.032916698,0.066062203,-0.048229555
NC,0.131270706,0.220999676,0.003857864,0.052744297,-0.055606859,0.035881485,0.109522826,0.043729558,0.041387125,0.062950576,0.098584786,0.052858949,0.0173885,-0.092966763,0.087380522,0.038216637,0.077957075,0.072234706
NC,0.178411434,0.193315713,-0.000963791,0.074555997,-0.121628975,0.07864841,0.040549561,0.08331305,0.085218869,0.154241373,0.116689488,0.042036252,0.017656872,-0.057350243,0.117675064,0.033669998,0.03532998,-0.04574078
NC,0.246362199,0.103131356,-0.106164835,0.066910128,-0.114315646,0.020249108,0.089975505,-0.022506981,0.067389607,0.116776569,0.169655297,-0.027018014,0.058952246,-0.091112939,0.111354025,0.035085589,0.036860701,-0.075498265
NC,0.059908374,0.190253307,0.028061831,0.107125815,-0.066024007,0.027226064,0.081502622,0.104347096,0.070348191,0.086954564,0.060939009,0.04523837,0.035668071,-0.081326208,0.120946518,0.042827335,0.092985177,0.080054515
NC,0.298126934,0.090254643,-0.08034296,0.05522868,-0.063199343,0.093330393,0.071590024,0.109909044,0.067803504,0.208812815,0.141669853,0.019812281,0.024994317,-0.005838071,0.031720917,0.073651011,0.014609924,-0.022943405
NC,0.174456753,0.131868081,-0.093494598,0.001733724,-0.122988493,0.066997854,0.090079606,0.082451626,0.100054711,0.228200358,0.132917868,0.018716113,0.040632935,-0.076478753,0.060583477,0.039053416,0.06489247,-0.062923654
NC,0.165736258,0.161722358,-0.051285877,0.057363709,-0.065781304,0.027921669,0.082305053,0.047720625,0.084886528,0.085847272,0.093500098,0.005771312,-0.021163102,-0.136582529,0.100475655,0.024768635,0.092741133,-0.020655993
NC,0.099394207,0.197184757,-0.010456673,0.102779915,-0.045282484,0.086684516,0.114063553,0.040616238,0.048438527,0.092575234,0.108152093,0.050356245,0.01607492,-0.08667227,0.1047258,0.055571102,0.058043743,0.015436415
NC,0.118727794,0.17479786,-0.033959281,0.117289957,-0.06916558,0.024501035,0.099090665,0.046005476,0.046517247,0.045153914,0.123651112,0.01277569,0.018595525,-0.089224941,0.111214034,0.058000132,0.051104641,0.043736985
NC,0.107323585,0.171981406,-0.090652864,0.06113226,-0.110920008,-0.008291459,0.083458848,0.086870681,0.097206162,0.053737304,0.106052214,-0.030481559,0.007093244,-0.108858372,0.125385276,0.049021708,0.034467847,0.015638745
NC,0.152045006,0.157995131,-0.109843756,0.059100279,-0.096801322,0.036564984,0.103579527,-0.002198426,0.041154981,0.047969806,0.127969879,0.005794785,0.011301759,-0.149495656,0.1249031,0.033940163,0.04320849,0.014467978
NC,0.051680928,0.114294306,-0.063828482,0.035826405,-0.136311864,0.025473274,0.167445562,0.092156282,-0.00577146,0.098730177,0.097703136,0.019930343,-0.005090488,-0.151110975,0.145781303,0.069092098,0.021193659,0.015417026
NC,0.179112186,0.074175475,-0.069707391,0.030835843,-0.133394863,0.078893954,0.064430986,0.073023407,0.029518504,0.191748771,0.151187168,-0.011666855,0.061689626,-0.200975228,0.106111023,0.056585074,-0.01664816,-0.102724998
NC,0.137296134,0.11879016,-0.059430336,0.093083337,-0.039199648,0.026271468,0.115634351,0.048571946,0.041581423,0.053622707,0.107271625,0.033898689,-0.012481025,-0.193449488,0.093665109,0.03654171,0.039505772,0.006056747
NC,0.113886248,0.133125046,-0.048284397,0.030254415,-0.156070653,0.019204222,0.112162714,0.095733495,0.116758092,0.137544835,0.092543134,0.00836376,0.070868252,-0.09164076,0.114827503,0.014264961,0.05033406,-0.05077705
NC,0.114437631,0.155020319,0.021442781,0.126212332,-0.058778294,0.029087568,0.110939268,0.168966341,0.013713217,0.057593242,0.093730579,0.081510063,0.019599155,-0.10720856,0.130132732,0.021302647,0.063301074,0.000927022
NC,0.141436476,0.169835242,0.014953559,0.026453465,-0.057262624,0.02698748,0.058166469,0.027296925,0.022555918,0.035904378,0.092136625,0.007242197,-0.000946596,-0.175728647,0.114423479,0.024372777,0.046923106,0.064437406
NC,0.267529558,0.094363639,-0.109606094,0.039905355,-0.086426123,0.081973248,0.082642401,0.169215791,0.016813835,0.27752765,0.158065145,-0.009800141,0.020470079,-0.008677115,0.090152245,0.047098415,0.010377979,-0.037539334
NC,0.190580779,0.124442251,-0.128202632,0.107251676,-0.034859448,0.002348744,0.09952581,-0.004990983,0.116912473,0.105968513,0.108230048,-0.018491865,0.016134454,-0.151248446,0.182602841,0.002454464,-0.022665753,-0.020068649
NC,0.125438104,0.201491731,-0.003324538,0.040859923,-0.039590736,0.0737666,0.107517595,0.00243177,0.050886919,0.090202471,0.087783546,0.035635172,0.014186783,-0.088977093,0.158315564,-0.00091769,0.055005958,0.103863028
NC,0.20400933,0.17051279,-0.059180316,0.079428126,-0.056481287,0.035719013,0.075793853,0.009747376,0.063490214,0.152782077,0.152157665,-0.020924141,0.002756637,-0.039929428,0.145010781,0.009638175,0.026958376,-0.018143065
NC,0.127696367,0.195995592,-0.03933438,0.096833309,-0.035609377,0.025827657,0.100104584,0.045,0.058979852,0.058491707,0.121197953,0.003515132,0.022189229,-0.110947592,0.146967035,0.038703066,-0.027732491,0.077883103
NC,0.13086296,0.131664667,-0.068995771,0.088010671,-0.075939951,0.032418476,0.069339654,0.022704183,0.1645391,0.12203859,0.117206161,-0.013316602,0.019561231,-0.09549689,0.179338134,0.032142549,0.036819459,0.029124756
NC,0.10729166,0.086347863,-0.096496137,0.047534249,-0.035146908,0.004530332,0.130387986,0.053988437,0.147892822,0.076972779,0.091310956,-0.05566606,0.045066066,-0.148066271,0.170844843,0.018046048,-0.003456762,0.015668409
NC,0.091668044,0.161049829,-0.016598307,0.049724903,-0.039579625,0.024079954,0.119908038,0.002050351,0.06390215,0.057982164,0.082989672,0.032436589,0.03637185,-0.054864995,0.131173731,0.014725682,0.051049115,0.109070839
NC,0.125368296,0.160258852,-0.000325645,0.028088717,-0.054000098,0.033667133,0.068017927,0.042028742,0.172450305,0.145208855,0.138181429,0.025610743,0.046987074,-0.046592364,0.115788584,-0.000563231,0.081563849,0.061848044
NC,0.139651817,0.190271102,-0.032539813,0.076026983,-0.055077153,0.039523162,0.109863939,-0.002276154,0.035709043,0.039358036,0.073848551,0.011707789,0.000294875,-0.104573789,0.106816429,0.067061423,0.044068668,0.017893225
NC,0.109775189,0.211251491,0.001745988,0.066183798,-0.053469559,0.026656376,0.077776899,0.055378515,0.017944937,0.085623197,0.10308058,-0.007454605,-0.007683874,-0.158993067,0.066360361,0.079257568,0.02895614,0.052080167
NC,0.189575607,0.128818541,0.030796779,0.061969249,-0.123154558,0.094078469,0.069091877,0.094104392,0.02339135,0.205003863,0.125702035,0.049658131,0.023340465,0.003926616,0.088077578,0.063854806,0.079773491,0.011200283
NC,0.132979448,0.110991899,-0.088443188,0.077719331,-0.088324428,0.019207991,0.090630047,0.059125548,0.024905956,0.032053437,0.104323711,-0.019727177,0.005920359,-0.221617819,0.115649034,0.080251696,0.016215572,0.012220772
NC,0.160601504,0.19020328,-0.01516822,0.028560437,-0.107892007,0.028968483,0.101527845,0.025766878,0.044738674,0.054112738,0.100281189,0.0000714,0.038223187,-0.096732934,0.089721879,0.064673846,0.022695176,-0.025535754
NC,0.099216846,0.188335824,-0.072007989,0.076204303,-0.098044071,-0.008922615,0.083053659,0.118086987,0.098680893,0.066288587,0.078073636,-0.029518439,-0.01988178,-0.128946107,0.115349944,0.051107709,0.057098965,0.012619283
NC,0.176238248,0.175996886,-0.054977961,0.117632775,-0.101608591,0.03837139,0.056870408,0.055210271,0.05414954,0.134007046,0.184040552,0.028895348,0.080156045,-0.077613443,0.134321013,0.047064556,-0.013823299,-0.052438862
NC,0.131852045,0.202113858,-0.043956134,0.090290093,-0.03735328,0.032300366,0.138730241,0.031595712,0.07735674,0.061628684,0.092957203,0.005289693,0.004031444,-0.126543632,0.122309204,0.036760757,0.013554953,0.02009016
NC,0.126520295,0.212889073,-0.040328641,0.071861183,-0.072761327,-0.014335129,0.094038539,0.025080189,0.06724232,0.080478754,0.132686043,-0.011084521,0.039827965,-0.078432235,0.117910401,0.051990984,0.04181329,0.028434947
NC,0.28538946,-0.027626493,-0.07276954,-0.00800429,-0.101114846,-0.019398141,0.051954013,-0.012042802,0.08776656,0.162733772,0.221868709,-0.027441287,0.093965896,-0.231399746,0.120604703,0.123613534,-0.02183113,-0.162654798
NC,0.259952767,0.086657464,-0.123506577,0.030346781,-0.070004975,0.041520802,0.06683719,0.073907378,0.185629297,0.196635629,0.200339876,-0.103231825,0.047212825,-0.047426071,0.072023301,0.060060663,0.034770971,-0.093784433
NC,0.239178568,0.074237408,-0.006679517,-0.02670938,-0.077598779,0.064967924,0.032866895,0.042880681,0.046333119,0.177908425,0.203147014,-0.002627492,0.060402225,-0.171015064,0.120248406,0.061068081,-0.002978724,-0.055389454
NC,0.158568233,0.126699506,-0.007740236,0.031654092,0.010016015,-0.003347535,0.060442637,0.051616309,0.040412608,0.029780018,0.145543241,-0.020401615,0.037301159,-0.215533302,0.094192252,0.04309081,0.020732603,0.038441739
NC,0.169926173,0.1076029,0.00231168,0.038218427,-0.000834067,0.054225347,0.095402346,0.060043024,0.063540879,0.039220981,0.136418647,0.018570284,0.035768218,-0.218505723,0.121120241,0.065836584,0.033032168,-0.027788223
NC,0.139158511,0.143497037,-0.073076393,0.011414199,-0.010047771,0.033262343,0.128733061,0.065452495,0.05803143,0.094782753,0.173588439,-0.03614023,0.0271,-0.17979078,0.110060337,0.02265221,0.063193564,0.001807423
NC,0.141758638,0.158957773,-0.014760275,0.097080414,-0.033313343,0.070196705,0.044178077,0.044675698,0.237260518,0.105221978,0.132810462,-0.018666913,0.046932131,-0.05806877,0.140250514,0.058364023,0.062804318,-0.004258398
NC,0.132616193,0.114443232,0.012125027,0.000846263,-0.045279234,0.040915848,0.108466383,0.065361931,0.013819492,0.097978825,0.141964977,-0.030996487,0.034916481,-0.206975758,0.133220732,0.071673258,0.041041503,0.010896562
NC,0.102842177,0.125922741,0.05870716,0.093127426,-0.057848649,0.0650936,0.055959974,0.118164539,0.034771415,0.097981641,0.16697601,0.016649739,0.048171422,-0.176538488,0.12443061,0.113,0.000261732,-0.032166457
NC,0.11507362,0.134866012,-0.024185871,0.061645033,-0.070597528,0.041937466,0.095654562,0.14410601,0.13584167,0.074883193,0.151457026,-0.035284397,0.073777108,-0.060899451,0.119430582,0.04972617,0.056815636,0.008399548
NC,0.214664293,0.066167308,-0.07800888,0.030281401,-0.086715342,0.055583926,0.074401212,0.022923629,0.208428217,0.157234729,0.161372103,-0.001546369,0.0486,-0.079968038,0.113033306,0.034501565,0.049427191,-0.02325222
NC,0.176282918,0.162163487,-0.095881123,0.064914539,-0.055845746,0.058714054,0.101079954,0.009335692,0.091998884,0.16604807,0.129129412,0.017220142,0.096281384,-0.109773816,0.137076427,-0.009554376,-0.006742129,-0.02164215
NC,0.191462176,0.137453791,-0.078145981,0.102351185,-0.049310374,0.050392339,0.077893206,-0.019802719,0.125803178,0.151903938,0.132353755,0.008150092,0.098092928,-0.059413509,0.133435484,0.030798197,-0.014498443,-0.025744235
NC,0.22375624,0.098061992,-0.138836321,0.074100627,-0.056514067,0.015673845,0.116841773,-0.013415554,0.107665004,0.099836048,0.152887522,0.005371238,0.060425244,-0.149992725,0.152351135,0.012700476,-0.071804229,-0.076408237
NC,0.143194851,0.126586473,-0.080530805,0.075576175,-0.044251394,0.056083797,0.072563272,0.013692572,0.179630246,0.161451195,0.161971521,-0.038096612,0.056688981,-0.041226603,0.137822479,0.013734971,0.031528841,0.026423131
NC,0.1340088,0.163488434,-0.031416432,0.06623552,-0.043440503,0.001455001,0.096517705,0.027449482,0.100878386,0.07693489,0.13270361,-0.014524427,0.030812059,-0.061485945,0.129521303,0.029965006,0.032321874,0.083628992
NC,0.107778888,0.158285183,-0.020235839,0.05854406,0.004354543,0.024287204,0.079955951,0.029629702,0.154712083,0.059266718,0.152316803,-0.015715276,0.029041614,-0.076763582,0.095543102,0.048383501,0.032939095,0.078462314
NC,0.127976979,0.145386377,-0.04185638,0.068231404,-0.049811355,0.028838647,0.076798905,-0.021920517,0.150120881,0.087922978,0.162580098,-0.003037372,0.035791562,-0.101525199,0.147664272,0.058530073,0.023097715,0.051814771
NC,0.17560937,0.134473777,-0.0929374,0.025822225,-0.104810025,0.099387109,0.07787446,-0.037412578,0.119605689,0.169256781,0.146409718,-0.011997844,0.061110986,-0.05710197,0.148722722,0.012498862,0.019094253,-0.00213364
NC,0.106398481,0.188788244,-0.054832346,0.066284797,-0.028749676,-0.00192173,0.117990993,0.010137276,0.125587317,0.095769439,0.083755013,-0.024315165,0.048444954,-0.111788558,0.138306902,0.019721647,0.048099913,0.054582814
NC,0.146641662,0.143602995,-0.032737834,0.101481923,-0.076090606,0.047519038,0.082420235,0.031410804,0.069292326,0.08479206,0.105998104,0.001614556,0.038395428,-0.066580379,0.182608234,0.009043368,0.013400271,0.039494658
NC,0.145404153,0.184506147,0.051526839,0.067381528,-0.041613225,0.072532408,0.079115677,0.055619461,0.146292875,0.136454826,0.130455398,-0.002197599,0.08446364,-0.038470482,0.112271525,0.040917489,-0.006857369,0.043434302
NC,0.199879962,0.164602762,-0.059454629,0.05112759,-0.088393579,0.051122424,0.079541031,0.001506547,0.105307763,0.149,0.142691956,0.010597051,0.064827159,-0.05233959,0.138229647,-0.012250897,0.049307113,0.005329564
NC,0.094453767,0.107987369,-0.007808017,0.047952313,-0.036662487,0.097114705,0.07352758,0.107520165,0.017810078,0.080834995,0.134566275,0.029676158,-0.008300765,-0.181915184,0.17342108,0.077537249,0.026245614,0.031976676
NC,0.103848139,0.147181881,0.103047251,0.048328147,-0.026747926,0.101710114,0.080911834,0.087972414,0.044272049,0.180673362,0.134956497,0.093670914,0.049516769,-0.153135335,0.112033948,0.052231495,0.000752917,0.023536942
NC,0.12328717,0.128366719,-0.023342371,0.035454698,-0.02514529,0.010107503,0.080263813,0.061777863,0.060914497,0.057222003,0.139416844,-0.017472824,0.001234496,-0.20956809,0.113776585,0.056041905,0.011148132,0.050925548
NC,0.197457587,0.07416956,-0.023209351,-0.000771569,-0.049370238,0.046564649,0.084918154,0.01420226,0.048152511,0.141476379,0.185114028,-0.007814701,0.069393629,-0.248871449,0.156168763,0.002869164,-0.004664145,0.003826216
NC,0.112488074,0.184586085,0.012571144,0.069995083,0.007369943,0.043155479,0.099735477,0.076210275,0.079364354,0.08650018,0.119751466,0.00913517,0.027185127,-0.131292284,0.119760105,-0.001237087,0.067171284,0.057599212
NC,0.119825286,0.136053074,0.023265102,0.055966288,-0.050652302,0.039085579,0.108250607,0.042408127,0.011498754,0.07934436,0.133740777,-0.005357195,0.068282015,-0.180331968,0.146724307,0.065647567,0.042562873,0.059115568
NC,0.066448076,0.173880256,0.0218392,0.06670958,-0.00082753,0.053601299,0.156400278,0.072680531,0.167829234,0.064871781,0.14636433,-0.013342786,0.065824848,-0.066063851,0.11396376,0.040511399,0.02967789,0.06082805
NC,0.102757852,0.121463847,0.01719118,0.009781922,-0.070852648,0.091374725,0.097086362,0.120387837,0.012200703,0.173883178,0.21349771,0.025839662,0.012936814,-0.171243488,0.160521568,0.09002392,0.029654516,-0.083687345
NC,0.145319103,0.090965046,0.010261403,0.017748132,-0.046266589,0.04722481,0.079723503,-0.007324933,0.062945778,0.126628016,0.166231868,0.018564389,0.060245337,-0.20483365,0.131232997,0.056082845,0.011336505,0.041311333
NC,0.113764151,0.188415386,0.011985483,0.074603546,-0.086615742,0.001611253,0.082228594,0.041112982,0.06073156,0.095779477,0.099193841,0.017423969,0.021520386,-0.14681909,0.089254344,0.059987475,0.046441836,0.02375302
NC,0.118085504,0.155961961,-0.030184959,0.003805709,-0.107783436,0.034593175,0.058329491,0.045655922,0.044410924,0.134961474,0.110749171,0.017476633,0.015341972,-0.1643997,0.091529121,0.026737462,0.035725219,0.020114155
NC,0.09641443,0.217564225,0.00783471,0.100654232,-0.044411822,0.047820823,0.113016049,0.067066826,0.052450125,0.087989515,0.083740041,0.030449612,0.038556064,-0.097284426,0.076365027,0.06094983,0.045155665,0.027499071
NC,0.144588084,0.164418711,-0.063091294,0.084446173,-0.116961541,0.024038865,0.096737583,0.018866961,0.073504309,0.115914697,0.124745698,0.002341687,0.043891819,-0.091018455,0.095445017,0.073327399,0.062149492,0.00036664
NC,0.130072707,0.192201631,-0.008841703,0.084428563,-0.051208382,0.029185497,0.107480761,0.040352303,0.049548755,0.051963305,0.099048438,0.001377737,-0.018634012,-0.102576268,0.100181624,0.042078604,0.073018956,0.064922621
NC,0.084837983,0.203161599,0.085041648,0.072147143,-0.047578074,0.038200113,0.105401089,0.094153087,-0.004964192,0.07381564,0.081971298,0.036184917,0.021115399,-0.097907065,0.093328662,0.066334736,0.059690667,0.049841375
NC,0.159307975,0.146245157,-0.013528886,0.042565399,-0.109784725,0.030690785,0.02034502,0.089997516,0.027377361,0.132994864,0.152982137,0.029253608,0.012153214,-0.134106193,0.102234325,0.030827014,0.015199802,-0.005538382
NC,0.104350337,0.165830964,-0.011217106,0.084395611,-0.114325263,0.089093908,0.087574401,0.117800393,0.11842127,0.177342219,0.110253941,0.025766558,0.110620244,-0.021218834,0.083369007,0.056936873,0.095117021,-0.02063838
NC,0.102825621,0.20392382,0.0549,0.070929744,-0.059369929,0.042167471,0.067002477,0.089366161,0.039489609,0.044557055,0.050634732,0.023802475,0.051969299,-0.12905735,0.100240847,0.046551258,0.049992222,0.068666063
NC,0.06896419,0.208246503,-0.00690905,0.069239026,-0.057084094,0.080922269,0.109513124,0.097806952,0.10777906,0.084850772,0.102136224,0.046664524,0.044298361,-0.096405285,0.102651513,0.06604705,0.066548381,0.016683444
NC,0.122648738,0.171818672,-0.012937868,0.037525422,-0.095301021,0.060727022,0.088883506,0.046318396,0.00240193,0.058499163,0.096447588,-0.008374198,0.030637644,-0.168972052,0.10696625,0.065054884,0.011196662,0.038980789
NC,0.098263794,0.184120456,-0.008064743,0.051593456,-0.08455571,0.069644484,0.083976287,0.070534984,0.08058975,0.113715671,0.110468659,0.055384379,0.04311974,-0.17383886,0.083345546,0.037653672,0.068092401,0.035732001
NC,0.164274539,0.182705719,-0.001768407,0.07637503,-0.105546878,0.057587771,0.073063362,0.061484421,0.047053324,0.074110255,0.115153044,0.015152816,0.0077764,-0.08064611,0.127022099,0.033852554,0.080490554,0.017275331
NC,0.098426032,0.213581343,0.028529824,0.056631378,-0.044024168,0.098569688,0.118714975,0.124945109,0.03789992,0.127409619,0.1091581,0.081181269,-0.019588596,-0.073655962,0.086268599,0.041506272,0.093876622,-0.008373221
NC,0.129593748,0.15405166,0.005052164,0.092282301,-0.058309018,0.057556052,0.055625604,0.125852614,0.036209455,0.037095385,0.088821897,0.031982126,0.008003692,-0.164731171,0.098930895,0.037899583,0.048474913,0.032989177
NC,0.157625431,0.101603599,-0.040230922,0.115724637,-0.079620924,0.017980086,0.110075968,0.049146423,0.067122106,0.055866943,0.127842112,0.020397319,-0.016496161,-0.122857744,0.096229124,0.00239314,0.044332842,-0.023586531
NC,0.103551142,0.195093032,-0.01709768,0.02220581,-0.076674092,-0.033704123,0.118691591,0.038735465,0.072925034,0.051809873,0.081801015,0.009339476,0.03627782,-0.12167073,0.083548292,0.045284598,0.091545013,0.070294834
NC,0.111800848,0.170625169,-0.033901383,0.056917314,-0.121130369,0.017748352,0.087787663,0.07265194,0.062232719,0.073831513,0.095141827,0.032284544,0.044770171,-0.123141194,0.105466847,0.047991686,0.067399528,0.003471299
NC,0.162246051,0.173891526,-0.061320351,0.040448664,-0.062410062,0.022284295,0.09073622,-0.005643659,0.046227001,0.04141697,0.079533291,-0.006354129,0.016436529,-0.115226729,0.09162998,0.021807435,0.049271055,0.048418797
NC,0.305855313,0.049630155,-0.078935266,0.078106335,-0.076661288,0.067371639,0.092009482,0.145447935,0.073611099,0.292877205,0.074305566,0.006911701,0.021105396,0.003643812,0.033642817,0.146380154,-0.014739084,-0.073644805
NC,0.14418541,0.117808005,-0.056013854,0.087463727,-0.10336768,0.040775656,0.085860592,0.046923322,0.062310783,0.051816171,0.105989182,0.007077015,0.036287033,-0.117876531,0.141557717,0.025092697,0.06432085,0.009692873
NC,0.174052586,0.197188605,-0.038499423,0.028434978,-0.055745696,0.01828188,0.080537345,0.002249192,0.067687089,0.09882346,0.085832753,0.007168084,0.012515762,-0.10211805,0.094649189,0.013217042,0.047592016,-0.009384476
NC,0.12431142,0.168560907,0.014723379,0.076374649,-0.096448353,0.046859919,0.059206096,0.129608357,0.063811534,0.110226228,0.073458828,0.036604309,-0.002296406,-0.120860718,0.137571414,0.046089554,0.045187491,0.015022831
NC,0.13132191,0.196293061,0.003135195,0.072238787,-0.105664963,0.016537111,0.119366756,0.05858737,0.043963249,0.06038632,0.056289693,0.020063982,0.048182929,-0.133461318,0.119682238,0.037952104,0.026283055,0.030111999
NC,0.275975492,-0.015039731,-0.100620557,0.033938279,-0.15279505,0.044203102,0.094084232,0.105941829,0.025491448,0.218990503,0.180716752,0.034215894,-0.017519833,-0.120102773,0.121336393,0.063759109,0.047314504,-0.092980229
NC,0.207468565,0.107969078,-0.100936987,0.031954327,-0.137296734,0.075796477,0.064947753,0.107342917,0.092959126,0.187381203,0.132778803,-0.009556848,0.055140352,-0.153129258,0.111055625,0.015533164,-0.00737205,-0.113142137
NC,0.099525677,0.168444039,0.042864464,0.070542042,-0.085738257,0.052120283,0.122881702,0.088530413,0.003237331,0.083292002,0.106828874,0.034885427,0.03197934,-0.141535622,0.086797051,0.084636481,0.044813517,0.035946985
NC,0.147725291,0.163539004,-0.037868909,0.046133131,-0.09112901,0.068015144,0.075867541,0.027658467,0.039678404,0.102669026,0.148029188,0.048636487,-0.014163285,-0.174083777,0.121170978,0.083518767,0.058165598,-0.021054316
NC,0.116926747,0.167267114,0.028101477,0.043655009,-0.074397894,0.038965278,0.094404261,0.013945702,0.026847256,0.046258813,0.075130337,0.019854042,0.020626686,-0.155589097,0.089499685,0.046273641,0.047309363,0.080066319
NC,0.181223185,0.099886842,-0.096802768,0.070016501,-0.125157547,0.024375613,0.073240393,0.073850034,0.010362173,0.08146468,0.190356274,-0.044554045,0.023096377,-0.205569669,0.127356306,0.083079111,-0.011156789,-0.052723338
NC,0.126110485,0.141401599,-0.066581579,0.059004838,-0.076751913,0.029581267,0.111659305,0.059857402,0.012496357,0.038272345,0.088483155,0.01485103,0.014647153,-0.223602655,0.123697377,0.047311997,0.028579803,0.044027541
